,timestamp,title,neg,neu,pos,compound
0,2018-06-30 08:42:06,['samsung galaxy note 9 HINDI UNBOXED']-,0.0,1.0,0.0,0.0
1,2018-06-30 09:12:29,"['Samsung 65"" UHD soundbar cuts out hulu']",0.268,0.732,0.0,-0.296
2,2018-06-30 09:57:20,['How to Turn your Samsung Galaxy Phone into a Computer with Samsung DeX'],0.0,1.0,0.0,0.0
3,2018-06-30 11:15:49,"['No sound from Samsung CF391 Curved Monitor (Using as TV, connected to Xfinity X1 cable box)']",0.0,1.0,0.0,0.0
4,2018-06-30 16:12:16,['Iconx 2018 wont produce sound for media only calls and Samsung sounds.'],0.0,1.0,0.0,0.0
5,2018-06-30 17:48:57,"['Samsung Galaxy J8 ""Infinity Display"" - UNBOXING!!!']",0.0,1.0,0.0,0.0
6,2018-06-30 21:56:42,['how to unlock Galaxy S7']-------------,0.0,1.0,0.0,0.0
7,2018-06-30 22:12:25,"['Need help, Please!']------------------",0.0,0.401,0.599,0.4574
8,2018-06-30 23:20:18,"[""Samsung galaxy A5 (2017), can't update Game optimising service""]",0.22,0.78,0.0,-0.3089
9,2018-07-01 00:58:04,['Decoding the Galaxy product codes']---,0.0,1.0,0.0,0.0
10,2018-07-01 02:43:51,"['Well, Samsung Premium Care and Samsung Support is a joke.']",0.0,0.543,0.457,0.7096
11,2018-07-01 03:38:20,['Is my phone rooted?']-----------------,0.0,1.0,0.0,0.0
12,2018-07-01 04:27:15,['Samsung J6 Galaxy Infinity 2018 Camera review and overview in hindi #sam...'],0.0,1.0,0.0,0.0
13,2018-07-01 04:43:21,['I always get this error message on my samsung s8 when scrolling through my gallery can anyone give me solutions? Thanks'],0.131,0.797,0.071,-0.3453
14,2018-07-01 05:45:03,['Brand new Samsung galaxy A8 draining battery'],0.0,1.0,0.0,0.0
15,2018-07-01 10:14:49,['S9+ shitty signal']-------------------,0.643,0.357,0.0,-0.5574
16,2018-07-01 10:30:28,['Apple vs Samsung']--------------------,0.0,1.0,0.0,0.0
17,2018-07-01 12:20:27,"[""Can't find every app""]----------------",0.0,1.0,0.0,0.0
18,2018-07-01 13:36:56,['Samsung d√©clare la date officiel de lancement de la note 9 -GEEK-WIN'],0.0,1.0,0.0,0.0
19,2018-07-01 18:05:18,['Samsung Pay availability']------------,0.412,0.588,0.0,-0.1027
20,2018-07-01 21:17:14,['Samsung GALAXY Note 9 - Iata cateva dintre NOILE Functii Dezvaluite in PREMIERA'],0.0,1.0,0.0,0.0
21,2018-07-01 21:54:49,['Where can I buy an OEM Samsung charger USB type-c? Just like the one that came in the box.'],0.0,0.872,0.128,0.3612
22,2018-07-01 22:10:59,['Help: Samsung Galaxy Tab 3 SM-T310 screen inexplicably separating from tablet'],0.0,1.0,0.0,0.0
23,2018-07-02 02:08:38,['Only $0.9 100cm Nylon 2.4A Fast Charging USB Data Cable Fr Samsung Galaxy S8 S9 Plus | eBay'],0.0,1.0,0.0,0.0
24,2018-07-02 02:12:13,"[""HELP: Can't find Samsung TV's AV Source""]",0.0,1.0,0.0,0.0
25,2018-07-02 02:57:10,['Samsung d√©clare la date officiel de lancement de la note 9 -GEEK-WIN'],0.0,1.0,0.0,0.0
26,2018-07-02 03:51:10,['Samsung to unveil Galaxy On-series smartphone on Flipkart today: Know more'],0.0,1.0,0.0,0.0
27,2018-07-02 05:06:52,['Short film shot entirely on an S9+']--,0.0,1.0,0.0,0.0
28,2018-07-02 05:12:30,['Thinking about buying the S9 +.']-----,0.0,1.0,0.0,0.0
29,2018-07-02 06:57:23,"['Exynos 9810 Problems, Samsung Not Wanting To Make A Fix, And What Can We Do To Fight']",0.153,0.847,0.0,-0.4019
30,2018-07-02 07:18:41,['Samsung GALAXY X va avea Parte de o PREMIERA UIMITOARE din partea Samsung'],0.0,1.0,0.0,0.0
31,2018-07-02 07:56:00,"['Samsung Galaxy A3 (2017): is there a way to get deeper into the phone (perhaps with some program) and delete all the rubbish that i do not want like facebook, chrome, excel etc?']",0.097,0.816,0.087,0.17
32,2018-07-02 08:15:27,['J5 2017 Gallery bug']-----------------,0.0,1.0,0.0,0.0
33,2018-07-02 09:15:22,['Samsung Galaxy On6 Specifications and Features'],0.0,1.0,0.0,0.0
34,2018-07-02 09:36:11,"['Samsung Galaxy On6 pricing, specifications, and short review...']",0.0,1.0,0.0,0.0
35,2018-07-02 11:16:11,['[Question] Where is the SEARCH function on Samsung Smart TV v1200 2014 LED'],0.0,0.816,0.184,0.4019
36,2018-07-02 15:13:04,['Galaxy S8 Child Lock Function?']------,0.0,1.0,0.0,0.0
37,2018-07-02 17:26:47,['Samsung Galaxy S8 Unlocked 64GB - US Version (Midnight Black) - US Warranty is 31% Off'],0.0,1.0,0.0,0.0
38,2018-07-02 17:34:47,['LDNIO 100cm Nylon 2.4A Fast Charging USB Data Cable Fr Samsung Galaxy S8 S9 Plus | eBay'],0.0,1.0,0.0,0.0
39,2018-07-02 18:10:07,['Samsung Message bug maybe isolated to T-Mobile US users... ü§®ü§î'],0.204,0.796,0.0,-0.3182
40,2018-07-02 19:46:48,['Using a samsung cable to pull my car'],0.0,1.0,0.0,0.0
41,2018-07-02 20:35:57,['When does Samsung refresh their TV line?'],0.0,1.0,0.0,0.0
42,2018-07-02 20:46:45,['Samsung Responds to Messages App Bug That Shared User Photos'],0.0,0.789,0.211,0.34
43,2018-07-02 22:50:54,"['[Solved] Samsung Cannot Connect to Wi-fi, How to Fix It?']",0.0,1.0,0.0,0.0
44,2018-07-02 23:42:55,['Tips | How to Factory Reset Samsung Phone and Tablet? ‚Ä¢ u/DataKit'],0.0,1.0,0.0,0.0
45,2018-07-03 02:20:43,['Samsung S7 Edge network operator issue'],0.0,1.0,0.0,0.0
46,2018-07-03 03:20:44,['Samsung s9+ or note 8.']--------------,0.0,1.0,0.0,0.0
47,2018-07-03 05:33:07,['Samsung Galaxy S9 si Problema URIASA a Telefoanelor RECUNOSCUTA de Coreeni'],0.0,1.0,0.0,0.0
48,2018-07-03 05:48:07,['Sharing contact groups']--------------,0.0,1.0,0.0,0.0
49,2018-07-03 07:24:17,['[Help] Samsung Note 2. Suddenly went dead.'],0.0,1.0,0.0,0.0
50,2018-07-03 07:26:39,['Why is my Samsung s8 plus saying phone not allowed'],0.0,1.0,0.0,0.0
51,2018-07-03 07:52:47,['Issues switching out of DeX']---------,0.0,1.0,0.0,0.0
52,2018-07-03 08:26:42,"['Old Samsung TV. Keeps popping up and is seriously ruining my gaming experience. If anyone knows how to fix this, please please help. When I press the menu button, it goes away for like -10 seconds']",0.086,0.672,0.242,0.775
53,2018-07-03 10:05:42,['why is a samsung 55 inch tv 3x as expensive as others'],0.0,1.0,0.0,0.0
54,2018-07-03 10:07:17,['Bixby...']----------------------------,0.0,1.0,0.0,0.0
55,2018-07-03 10:32:48,['Thanks to Samsung and T-mobile for getting the Andriod 8.0 oreo update to the S7 edge. The phone feels brand new again'],0.0,1.0,0.0,0.0
56,2018-07-03 11:22:06,"[""Can't send GIFS on Samsung Galaxy A5""]",0.0,1.0,0.0,0.0
57,2018-07-03 12:26:16,['Samsung Galaxy S5 Contact Recovery']--,0.0,1.0,0.0,0.0
58,2018-07-03 12:59:42,['FYI - Samsung users say their phones sent photos to random contacts'],0.0,1.0,0.0,0.0
59,2018-07-03 14:06:00,"[""Why shouldn't I buy an S9+?""]---------",0.0,1.0,0.0,0.0
60,2018-07-03 15:36:08,['Weird Samsung Galaxy bug? Phones are quietly texting photos to random contacts | ZDNet'],0.0,1.0,0.0,0.0
61,2018-07-03 16:40:50,['Issues with Galaxy Note 8']-----------,0.0,1.0,0.0,0.0
62,2018-07-03 17:06:13,['Does this messaging bug affect all Samsung phones?'],0.0,1.0,0.0,0.0
63,2018-07-03 17:47:44,['Accuweather widget in Samsung Galaxy Tab S has croaked.'],0.0,1.0,0.0,0.0
64,2018-07-03 19:18:22,['Help with Samsung financed device unlock'],0.0,1.0,0.0,0.0
65,2018-07-03 22:05:11,['What is a good alternative to stock messenger for Samsung?'],0.0,0.734,0.266,0.4404
66,2018-07-03 22:25:45,['Samsung GALAXY S10 Concept iti ARATA Design-ul FINAL al Telefonului (VIDEO)'],0.0,1.0,0.0,0.0
67,2018-07-03 22:36:58,['Youtube app randomly opening song?']--,0.0,1.0,0.0,0.0
68,2018-07-03 23:03:12,['Samsung J8 Price | Samsung Galaxy J8 Specifications In India'],0.0,1.0,0.0,0.0
69,2018-07-03 23:10:41,['Samsung sent me a software update of 1 mb'],0.0,1.0,0.0,0.0
70,2018-07-03 23:13:28,['Samsung sent me a software update of 1 mb'],0.0,1.0,0.0,0.0
71,2018-07-03 23:53:51,['B·ªánh Vi·ªán ƒêi·ªán Tho·∫°i 24h - Trung t√¢m b·∫£o h√†nh ƒëi·ªán tho·∫°i Samsung uy t√≠n nh·∫•t t·∫°i H√† N·ªôi v√† TPHCM'],0.0,1.0,0.0,0.0
72,2018-07-04 00:07:28,['5G-powered Samsung phone/s by 2019?']-,0.0,1.0,0.0,0.0
73,2018-07-04 01:11:29,"['Samsung foldable phone to come with a massive curved battery, launch in early 2019']",0.0,1.0,0.0,0.0
74,2018-07-04 01:22:57,['Case or Adapter for Samsung 970 Pro']-,0.0,1.0,0.0,0.0
75,2018-07-04 02:33:31,['Samsung spyin from peoples!']---------,0.0,1.0,0.0,0.0
76,2018-07-04 03:47:08,['Iata ce Functie UIMITOARE va oferi Samsung in PREMIERA pentru Telefoane'],0.0,1.0,0.0,0.0
77,2018-07-04 03:49:06,['Screen modes and other settings greyed out? (Samsung Galaxy J7 2016)'],0.0,1.0,0.0,0.0
78,2018-07-04 04:21:06,['ƒê√°nh gi√° chi ti·∫øt Samsung Galaxy A8 2018: ƒê·∫øn g·∫ßn ph√¢n kh√∫c cao c·∫•p'],0.0,1.0,0.0,0.0
79,2018-07-04 05:10:01,"[""I really didn't need a prominent button for childish stickers on the camera app""]",0.287,0.713,0.0,-0.5308
80,2018-07-04 05:21:00,['Samsung GALAXY S9 a Devenit deja o PROBLEMA MARE pentru Compania Samsung'],0.0,1.0,0.0,0.0
81,2018-07-04 06:17:24,['Can Anybody help to get Samsung Flow working?'],0.0,0.722,0.278,0.4019
82,2018-07-04 07:35:26,['My honest review of the Samsung Galaxy S9.'],0.0,0.68,0.32,0.5106
83,2018-07-04 07:46:58,['Will a j7 (2017) case fit a Samsung j7 Pro?'],0.0,0.737,0.263,0.3612
84,2018-07-04 09:00:53,"[""Woke up to about 400 selfies and a bunch of nudes from a number I didn't know... And about 40 photos of a Shibe from another unknown number... Samsung Bug?""]",0.0,0.951,0.049,0.0772
85,2018-07-04 09:43:29,['Samsung GALAXY Note 9: Primele Accesorii OFICIALE sunt Disponibile la Precomanda'],0.0,1.0,0.0,0.0
86,2018-07-04 11:33:26,"['Samsung foldable phone to come with a massive curved battery, launch in early 2019']",0.0,1.0,0.0,0.0
87,2018-07-04 12:05:47,['Samsung Gaming Monitor (CFG73)']------,0.0,1.0,0.0,0.0
88,2018-07-04 15:44:44,['South Korea May Force Sale of $14 Billion in Samsung Shares'],0.0,1.0,0.0,0.0
89,2018-07-04 18:28:01,['Whatever happened to the samsung portable printer (AKA image stamp)?'],0.0,1.0,0.0,0.0
90,2018-07-04 19:25:55,['asus zenfone 5 z vs samsung galaxy S 9 plus which should you Buy /comp...'],0.0,1.0,0.0,0.0
91,2018-07-04 21:04:30,['Samsung GALXY S10 are Perioada de LANSAREA Anuntata In Avans pentru Fani'],0.0,1.0,0.0,0.0
92,2018-07-04 21:43:31,"['s7 Nougat and Oreo, youtube video freezes, audio continues, exclusively on Zero Punctuation videos.']",0.078,0.922,0.0,-0.0258
93,2018-07-05 00:42:09,"['Samsung Builds Another Digital Landmark, the Biggest SMART LED Signage in South America']",0.0,0.699,0.301,0.5766
94,2018-07-05 00:59:59,['Samsung LED TV backlight diffuser replacement?'],0.0,1.0,0.0,0.0
95,2018-07-05 01:19:57,['[Help] Samsung S8+ accidently moved an sd card file into secure folder.'],0.0,0.821,0.179,0.34
96,2018-07-05 02:17:10,['Samsung GALAXY Note 9 va avea Autonomie RECORD si un Ecran UIMITOR Anul Acesta'],0.0,1.0,0.0,0.0
97,2018-07-05 02:44:12,['Authorized List of Samsung Service Centers in Nasik'],0.0,1.0,0.0,0.0
98,2018-07-05 04:40:46,['Samsung GALAXY X - Iata CAND va avea loc LANSAREA Noului Model de Telefon'],0.0,1.0,0.0,0.0
99,2018-07-05 04:48:40,['Samsung Dex without dock']------------,0.0,1.0,0.0,0.0
100,2018-07-05 05:58:51,['Samsung a Reusit intr-un Final sa COPIEZE Face ID pentru Telefoanele Sale'],0.0,1.0,0.0,0.0
101,2018-07-05 08:43:08,['How many people use their Samsung phone without a case?'],0.0,1.0,0.0,0.0
102,2018-07-05 08:47:09,['Samsung GALAXY S9 a fost DEPASIT in Vanzari de catre Telefoanele iPhone in Luna Mai'],0.0,1.0,0.0,0.0
103,2018-07-05 08:53:27,"['Samsung Galaxy On6 review , advantages , disadvantages and specifications']",0.241,0.536,0.223,-0.0516
104,2018-07-05 09:24:32,['Help: Messages App Slow to Load Content'],0.0,1.0,0.0,0.0
105,2018-07-05 09:33:14,['Pop-up ads on samsung galaxy s8.']----,0.0,1.0,0.0,0.0
106,2018-07-05 10:08:33,['Samsung warranty department has lied to me for months now.'],0.224,0.776,0.0,-0.3818
107,2018-07-05 10:24:08,"['Samsung phones and the ""Sync"" option']",0.0,1.0,0.0,0.0
108,2018-07-05 11:58:04,['Galaxy S7 Moisture detected in charging port error (only with certain chargers)'],0.182,0.676,0.142,-0.1531
109,2018-07-05 13:32:42,"['samsung cfg70/73,chg70']--------------",0.0,1.0,0.0,0.0
110,2018-07-05 13:40:40,['Samsung Gear Problem']----------------,0.0,1.0,0.0,0.0
111,2018-07-05 14:05:47,['[Help] Is electrical damage covered in the warranty for the Samsung Galaxy S8?'],0.211,0.789,0.0,-0.4939
112,2018-07-05 16:04:15,['Is there a way to get rid of Bixby on a samsung galaxy note 8?'],0.0,1.0,0.0,0.0
113,2018-07-05 17:34:06,['How many of you own a samsung j5 pro?'],0.0,1.0,0.0,0.0
114,2018-07-05 19:43:08,['Samsung Galaxy on6 is unboxing']------,0.0,1.0,0.0,0.0
115,2018-07-05 21:16:28,['Samsung UHD Blu-ray player too dark. I believe it is called ‚ÄúBlack crush‚Äù'],0.0,1.0,0.0,0.0
116,2018-07-06 00:02:32,['Samsung GALAXY S10 - Iata ce Diferente MARI vor fi Intre Specificatiile Modelelor'],0.0,1.0,0.0,0.0
117,2018-07-06 01:04:59,['Samsung Experience Home gets updated with Landscape mode or Auto Rotate'],0.0,1.0,0.0,0.0
118,2018-07-06 04:46:34,['Battery Drain on Samsung Galaxy S8']--,0.0,1.0,0.0,0.0
119,2018-07-06 07:16:28,"['Samsung Galaxy S9 available for as low as Rs 7,900 - WebIT MAN']",0.16,0.84,0.0,-0.2732
120,2018-07-06 07:31:56,['Samsung GALAXY Note 9 a fost Listat OFICIAL de catre Samsung pe Website-urile sale'],0.0,1.0,0.0,0.0
121,2018-07-06 08:05:58,['S8 updates']--------------------------,0.0,1.0,0.0,0.0
122,2018-07-06 09:25:39,['Recommended Case for the S9+']--------,0.0,1.0,0.0,0.0
123,2018-07-06 09:35:47,['Which ROM for an very old Samsung Tab 2.10.1 GT-P5110'],0.0,1.0,0.0,0.0
124,2018-07-06 09:50:53,"[""Galaxy S6 Edge (G925F) won't charge past 89%.""]",0.0,1.0,0.0,0.0
125,2018-07-06 10:07:18,['Travel to England w/ Samsung S7']-----,0.0,1.0,0.0,0.0
126,2018-07-06 10:17:34,['Straight &amp; Simple Unboxing Of Samsung Galaxy J8 Infinity (2018) | Tri Eye'],0.0,1.0,0.0,0.0
127,2018-07-06 10:19:25,"['For Note users, do you ever use the s pen?']",0.0,1.0,0.0,0.0
128,2018-07-06 10:25:56,['Samsung S8 stuck on DEC 2017 beta security update.'],0.175,0.614,0.211,0.1027
129,2018-07-06 12:27:43,['Samsung Galaxy A5 2017 Android 8 Update?'],0.0,1.0,0.0,0.0
130,2018-07-06 14:37:43,['Alternative to shitty Samsung Email app?'],0.419,0.581,0.0,-0.5574
131,2018-07-06 17:58:42,['Rumor: Samsung Planning a Budget Version of its Upcoming Galaxy S10 Flagship - Android News'],0.0,0.896,0.104,0.1027
132,2018-07-06 18:14:48,"['Participated in trade-in program, only got $25 because my phone was cracked when it got to Samsung. Anything I can do?']",0.0,1.0,0.0,0.0
133,2018-07-06 19:17:57,['S3 Tablet Battery Drain w/Keyboard Case'],0.0,1.0,0.0,0.0
134,2018-07-06 20:53:36,['Samsung health steps with gear s3: all? Just watch? Just phone?'],0.0,1.0,0.0,0.0
135,2018-07-06 22:02:35,['Samsung GALAXY S9 are cele mai MICI Vanzari dintre Seriile GALAXY S din Ultimii 6 Ani'],0.0,1.0,0.0,0.0
136,2018-07-06 22:30:19,['Invalid certificate on https://findmymobile.samsung.com'],0.0,1.0,0.0,0.0
137,2018-07-06 23:04:01,['Samsung GALAXY S10: Camera GROZAVA Dezvaluita pentru Fiecare dintre cele TREI Modele'],0.0,1.0,0.0,0.0
138,2018-07-07 03:10:28,['Samsung Galaxy Note 9 launch date is finally confirmed!'],0.0,1.0,0.0,0.0
139,2018-07-07 04:09:25,['Samsung Has a Trick up its Sleeves for the Next Flagship: A Biometric camera - Mobile and Gadgets'],0.077,0.833,0.09,0.0516
140,2018-07-07 06:04:24,['Game launcher and game tuner conflict'],0.0,1.0,0.0,0.0
141,2018-07-07 08:11:40,"['Gestures for Samsung Oreo devices (no root, no accessibility)']",0.216,0.784,0.0,-0.296
142,2018-07-07 09:06:13,['Samsung is thinking of changing the insights program'],0.0,1.0,0.0,0.0
143,2018-07-07 09:36:56,"[""Samsung S8's lost wifi connection""]---",0.365,0.635,0.0,-0.3182
144,2018-07-07 10:35:29,['Samsung Smart view issues connecting with PC and Phone'],0.0,0.748,0.252,0.4019
145,2018-07-07 11:50:28,"['I want to restore from Google, not Samsung']",0.0,0.632,0.368,0.3612
146,2018-07-07 13:52:47,['La tablette Samsung Galaxy Tab Advanced 2 sans le bouton Home'],0.0,0.818,0.182,0.25
147,2018-07-07 17:06:16,['VLC battery usage Samsung phone']-----,0.0,1.0,0.0,0.0
148,2018-07-07 18:01:29,['Samsung music actually syncs lyrics!!'],0.0,1.0,0.0,0.0
149,2018-07-07 22:02:04,['Samsung GALAXY S10 - Iata ce PREMIERA IMPORTANTA a fost Anuntata OFICIAL'],0.0,1.0,0.0,0.0
150,2018-07-07 22:03:50,['Does Oreo restore marshmallow era TouchWiz split screen?'],0.0,0.761,0.239,0.296
151,2018-07-08 01:44:52,['Input lag on a Samsung UE65MU7000']---,0.375,0.625,0.0,-0.34
152,2018-07-08 02:35:14,['samsung gear s3 for women?']----------,0.0,1.0,0.0,0.0
153,2018-07-08 08:07:23,['Samsung J6: Galaxy J6 Unboxing &amp; Review 2018 - Hindi'],0.0,1.0,0.0,0.0
154,2018-07-08 08:39:34,['Samsung Galaxy S10 could be available in three variants: Here‚Äôs all we need to know'],0.0,1.0,0.0,0.0
155,2018-07-08 09:20:04,['Why does the Galaxy A8 have a different charging cable?'],0.0,1.0,0.0,0.0
156,2018-07-08 13:51:38,['How get name of branding?']-----------,0.0,1.0,0.0,0.0
157,2018-07-08 14:10:18,"['Samsung Galaxy Book 10.6 inch, 2-in-1 PC | Features, Specifications, Price']",0.0,1.0,0.0,0.0
158,2018-07-08 16:15:24,['Can I update my samsung galaxy tab to the latest version'],0.0,1.0,0.0,0.0
159,2018-07-08 18:31:11,"['Samsung stopped embedding ‚ÄòSamsung Pay‚Äô in budget smartphones, to save costs']",0.135,0.638,0.227,0.3182
160,2018-07-08 19:46:58,"['Samsung Galaxy S10, Triple lense camera, side-mounted fingerprint sensor and super wide angle lens']",0.0,0.769,0.231,0.5994
161,2018-07-08 19:59:08,['Samsung √¢m th·∫ßm ra m·∫Øt Galaxy J7 Prime 2: Phi√™n b·∫£n n√¢ng c·∫•p c·ªßa J7 Prime ƒë·ªùi ƒë·∫ßu'],0.0,1.0,0.0,0.0
162,2018-07-08 20:32:21,['Smart tv problems']-------------------,0.0,1.0,0.0,0.0
163,2018-07-08 20:53:35,"[""S7 won't turn on""]--------------------",0.0,1.0,0.0,0.0
164,2018-07-08 21:05:09,['Top 5 Best Samsung New Smartphones in 2019'],0.0,0.588,0.412,0.6369
165,2018-07-08 22:22:41,['Samsung Promotions']------------------,0.0,1.0,0.0,0.0
166,2018-07-08 22:31:42,['Samsung GALAXY S8 - Iata ce Functie a fost COPIATA in Sfarsit de la iPhone'],0.0,1.0,0.0,0.0
167,2018-07-08 22:37:28,['How to Export Spotify Playlists to Samsung Tablet Series | Sidify'],0.0,1.0,0.0,0.0
168,2018-07-08 22:41:09,['Level U pro anc question']------------,0.0,1.0,0.0,0.0
169,2018-07-09 00:02:52,['Samsung GALAXY S10 si iPhone 2018: Doua MARI Schimbari ale Apple si Samsung'],0.0,1.0,0.0,0.0
170,2018-07-09 00:34:48,['Samsung World Largest Manufacture Plant in Noida &amp;#038; More'],0.0,1.0,0.0,0.0
171,2018-07-09 02:54:10,"['Samsung Galaxy J7 2018 Specs, Review and Price - The Tale']",0.0,1.0,0.0,0.0
172,2018-07-09 03:04:01,"['smart things app invite to registered TV not working, says different region']",0.0,0.873,0.127,0.1531
173,2018-07-09 03:28:42,['Samsung to be inaugurated World‚Äôs largest mobile manufacturing factory in India'],0.0,1.0,0.0,0.0
174,2018-07-09 03:40:54,"[""Cloud say it backed up, but I can't see where???""]",0.0,0.834,0.166,0.1506
175,2018-07-09 04:32:24,"['Samsung a Deschis OFICIAL cea mai MARE Fabrica de Telefoane Mobile, iata Unde']",0.0,1.0,0.0,0.0
176,2018-07-09 04:40:56,['What samsung is it?']-----------------,0.0,1.0,0.0,0.0
177,2018-07-09 04:58:09,['Help- Switching to Note 8']-----------,0.0,1.0,0.0,0.0
178,2018-07-09 05:04:16,['Things to Consider When Looking For Samsung Phone Repair in NYC'],0.0,1.0,0.0,0.0
179,2018-07-09 05:23:55,"['Samsung GALAXY S10 va avea 5 CAMERE NOI, iata ce Functii vor Oferi pentru Clienti']",0.0,1.0,0.0,0.0
180,2018-07-09 06:15:56,['The future Samsung Galaxy S10 Plus will comes out with five camera in a new filtration'],0.0,1.0,0.0,0.0
181,2018-07-09 08:24:21,['How do I find saved passwords for different sites on samsung internet [S9]?'],0.0,0.797,0.203,0.4215
182,2018-07-09 08:44:48,['S7 user Looking for some upgrade advice.'],0.0,1.0,0.0,0.0
183,2018-07-09 08:52:03,['My mum needs your help (phone)']------,0.0,0.649,0.351,0.4019
184,2018-07-09 09:39:16,['Switching from iPhone to Samsung']----,0.0,1.0,0.0,0.0
185,2018-07-09 10:10:30,['Samsung Galaxy On6 Unboxing /Review /Giveaway üì±üì±üì±'],0.0,1.0,0.0,0.0
186,2018-07-09 10:25:31,['Samsung Has The Worst Customer Service'],0.451,0.549,0.0,-0.6249
187,2018-07-09 10:28:06,"['Samsung Galaxy J8 review, advantages, disadvantages and specifications']",0.241,0.536,0.223,-0.0516
188,2018-07-09 10:35:18,['Samsung Internet update - can no longer connect to the Internet.'],0.196,0.804,0.0,-0.296
189,2018-07-09 11:46:47,['Help - Samsung Multiroom']------------,0.0,1.0,0.0,0.0
190,2018-07-09 11:50:16,['How to Block Numbers From Leaving Voicemail (Galaxy S9)'],0.266,0.734,0.0,-0.4404
191,2018-07-09 12:41:01,"[""Samsung started world's largest smartphone factory in India - GeeksDirt""]",0.0,1.0,0.0,0.0
192,2018-07-09 13:10:24,['I just bought a S9 in Thailand and Samsung pay announcements are in Thai language.'],0.097,0.903,0.0,-0.1027
193,2018-07-09 13:56:18,['Issue with Samsung Themes and Galaxy Apps'],0.0,1.0,0.0,0.0
194,2018-07-09 14:31:36,['Samsung elevates its Brand by inaugurating the largest mobile phones factory in the world.'],0.0,1.0,0.0,0.0
195,2018-07-09 19:01:30,"[""Laptops/power banks recognize my phone being plugged in but doesn't charge or link""]",0.0,1.0,0.0,0.0
196,2018-07-09 19:26:54,['A samsung oddesey bundle with note 9 would convince me to come back to samsung over google in 2018'],0.0,0.895,0.105,0.25
197,2018-07-09 20:13:46,"[""Samsung SM-G550T won't see Vehicle-Hotspot""]",0.0,1.0,0.0,0.0
198,2018-07-09 20:22:12,"['Recently updated Samsung Internet and.. I have the ""Internet"" bar stuck there ü§îü§î']",0.154,0.846,0.0,-0.25
199,2018-07-09 21:02:30,['Samsung GALAXY S10 - Iata ce Functie EXCLUSIVA a fost Dezvaluita de catre Samsung'],0.0,1.0,0.0,0.0
200,2018-07-09 22:23:17,['Samsung Gear IconX Wireless Bluetooth Earbuds'],0.0,1.0,0.0,0.0
201,2018-07-09 22:47:41,['Samsung Contacts Transfer: Transfer Contacts from Samsung Galaxy/Note to Computer'],0.0,1.0,0.0,0.0
202,2018-07-09 23:44:10,['Samsung Galaxy A8/A8+ (2018) receiving Android Oreo with Dolby Atmos support'],0.0,1.0,0.0,0.0
203,2018-07-10 02:06:23,['Searching for a comment/thread about Samsung smartphones'],0.0,1.0,0.0,0.0
204,2018-07-10 02:08:27,['Need help with a code.']--------------,0.0,0.526,0.474,0.4019
205,2018-07-10 02:46:41,['Can I get Apple emojis on my Samsung Galaxy A7 2017 i.e. on any Exynos device?'],0.0,1.0,0.0,0.0
206,2018-07-10 03:05:16,['Should I go for the S8 or S9?']-------,0.0,1.0,0.0,0.0
207,2018-07-10 03:32:30,['Samsung Galaxy S8 Plus Geekbench Score Lowers Overtime'],0.176,0.824,0.0,-0.128
208,2018-07-10 03:51:27,"['who want get free type c adapter for samsungÔºü only ship to ukÔºåus, jp, de,es,it,fr.']",0.0,0.632,0.368,0.6597
209,2018-07-10 04:23:17,['Samsung Music (Oreo)']----------------,0.0,1.0,0.0,0.0
210,2018-07-10 04:32:06,['Samsung Galaxy Note 9 Leaks Images &amp; Release date !!!'],0.0,1.0,0.0,0.0
211,2018-07-10 05:02:06,['Scaling issues']----------------------,0.0,1.0,0.0,0.0
212,2018-07-10 05:16:47,"['I want to be able to charge my galaxy s6 standing on something, like the iphones have, does this exists for samsung s6 phone? :)']",0.0,0.858,0.142,0.4215
213,2018-07-10 06:56:32,['How do i fix this problem on my Samsung s8 plus'],0.258,0.742,0.0,-0.481
214,2018-07-10 07:02:26,['S9+ battery is terrible......thinking of wiping'],0.0,1.0,0.0,0.0
215,2018-07-10 07:09:07,['How do i fix this on my Samsung s8 plus'],0.0,1.0,0.0,0.0
216,2018-07-10 08:43:44,['Samsung Galaxy Tab Advanced 2 Leaks and Main Highlights - GizMeek'],0.0,0.8,0.2,0.25
217,2018-07-10 10:07:33,"['Samsung GALAXY NOTE 9: EXCLUSIV, PRIMA Imagine de Presa Arata Noul Design']",0.0,1.0,0.0,0.0
218,2018-07-10 10:30:25,['The Samsung Galaxy S10 to have dual selfie camera'],0.0,1.0,0.0,0.0
219,2018-07-10 13:52:08,['Are the Galaxy S8 and the S8A same phone (is it Canada vs American version)?'],0.0,1.0,0.0,0.0
220,2018-07-10 16:42:16,['Trying to figure out if I put the cables back in correctly or if my subwoofer is shot.'],0.0,1.0,0.0,0.0
221,2018-07-10 21:01:57,"['Samsung GALAXY S10 - EXCLUSIV, PREMIERA aduca pentru Noul Procesor Exynos']",0.0,1.0,0.0,0.0
222,2018-07-10 23:29:52,['Samsung S9: Anti-Theft Phone Case']---,0.0,1.0,0.0,0.0
223,2018-07-10 23:44:37,['Can anyone explain to me why at the top of my screen has 2 different levels of brightness? My phone is the Samsung S7'],0.0,0.827,0.173,0.5267
224,2018-07-10 23:52:00,['How to tell if blueray player turns on with no light?'],0.18,0.82,0.0,-0.296
225,2018-07-10 23:52:06,['viewing my broken note 8 backup files on my PC'],0.279,0.721,0.0,-0.4767
226,2018-07-10 23:56:23,['Samsung Music Function Help']---------,0.0,1.0,0.0,0.0
227,2018-07-11 00:54:02,"['10% Off for Samsung Gear Sport Smartwatch (Bluetooth), Blue, SM-R600NZBAXAR ‚Äì US Version with Warranty']",0.0,1.0,0.0,0.0
228,2018-07-11 01:17:57,['samsung tablet repair oxford']--------,0.0,1.0,0.0,0.0
229,2018-07-11 02:37:48,['Samsung j6']--------------------------,0.0,1.0,0.0,0.0
230,2018-07-11 03:57:09,['Why are my app badges not showing anymore?'],0.0,1.0,0.0,0.0
231,2018-07-11 04:23:19,"[""Samsung opens world's largest mobile phone factory in India""]",0.0,1.0,0.0,0.0
232,2018-07-11 04:25:57,['Pub TV vs twat screen mirroring']-----,0.468,0.532,0.0,-0.6597
233,2018-07-11 06:31:22,['A Samsung QLED Horror Story']---------,0.481,0.519,0.0,-0.5719
234,2018-07-11 07:09:11,['How to deactivate the first icon from this Samsung j5 2017 that little call thing with waves from the top'],0.0,1.0,0.0,0.0
235,2018-07-11 08:20:45,['A few problems with the S8']----------,0.351,0.649,0.0,-0.4019
236,2018-07-11 08:49:47,"['Samsung Galaxy S10 details pop up online, YouTube app gets incognito mod...']",0.0,1.0,0.0,0.0
237,2018-07-11 09:16:03,"[""Galaxy S6 Active took a fall, display doesn't turn on, need to get information off of it""]",0.0,0.847,0.153,0.4019
238,2018-07-11 12:38:44,['Samsung S9 LED cover stopped working after todays update'],0.192,0.808,0.0,-0.2263
239,2018-07-11 12:44:19,['Snapchat not working on Samsung Galaxy S9!'],0.0,1.0,0.0,0.0
240,2018-07-11 12:52:45,['TV Purchase Oddity']------------------,0.0,1.0,0.0,0.0
241,2018-07-11 13:54:47,['Cant open Snapchat on J3']------------,0.0,1.0,0.0,0.0
242,2018-07-11 14:40:50,['Does anyone know of a high protection case for the Note 8?'],0.0,1.0,0.0,0.0
243,2018-07-11 14:47:37,['Samsung S9 Speaker makes crackling static noise'],0.0,1.0,0.0,0.0
244,2018-07-11 15:07:13,"['Samsung.com ""Any Phone - $200"" Trade-In Offer']",0.0,1.0,0.0,0.0
245,2018-07-11 16:59:30,['Samsung UN43kU8300F - What do I need to do to keep this thing connected to the internet?'],0.0,1.0,0.0,0.0
246,2018-07-11 18:25:47,['Samsung sending your pics to random contacts. Is it over?'],0.0,1.0,0.0,0.0
247,2018-07-11 20:38:08,['Still on Android 6.0 (Marshmallow)']--,0.0,1.0,0.0,0.0
248,2018-07-11 21:01:47,['Samsung GALAXY Note 9 - aceasta va fi Schimbarea NEOBISNUITA Oferita de Samsung'],0.0,1.0,0.0,0.0
249,2018-07-11 22:26:30,['Samsung GALAXY S10 - Upgrade-ul RADICAL care sa Merite Banii Clientilor in 2019'],0.0,0.775,0.225,0.4939
250,2018-07-11 22:27:04,['Backup and restore issue']------------,0.0,0.577,0.423,0.296
251,2018-07-12 01:31:27,['Samsung GALAXY Note 9: PRIMUL POSTER OFICIAL Confirma TOATE NOUTATILE Telefonului'],0.0,1.0,0.0,0.0
252,2018-07-12 02:53:49,['Galaxy S9 bluetooth paired with Sennheiser Momentum 2.0 issues'],0.0,1.0,0.0,0.0
253,2018-07-12 04:35:45,['Predictive text is crashing my keyboard'],0.0,1.0,0.0,0.0
254,2018-07-12 04:43:38,['What to do with new s9 +']------------,0.0,1.0,0.0,0.0
255,2018-07-12 05:26:14,['Samsung Galaxy S8 help (Will pay.)']--,0.0,0.649,0.351,0.4019
256,2018-07-12 05:30:38,['Samsung A5 (2017) reboots if fingerprint unlock is enabled'],0.0,1.0,0.0,0.0
257,2018-07-12 05:47:09,"['Samsung Galaxy Note 9: Release Date, Price and Specifications']",0.0,1.0,0.0,0.0
258,2018-07-12 06:11:40,['Does anyone know how to disable Samsung pay without logging in first?'],0.113,0.887,0.0,-0.1027
259,2018-07-12 06:49:58,['Unpacked Samsung Event 2018 August 9th'],0.0,1.0,0.0,0.0
260,2018-07-12 10:38:02,['(Help) Samsung Galaxy S7 not turning off after notification.'],0.0,1.0,0.0,0.0
261,2018-07-12 11:45:47,['Galaxy A3 home screen apps/ shortcuts resetting'],0.0,1.0,0.0,0.0
262,2018-07-12 12:44:00,['Samsung series 8 55 TV']--------------,0.0,1.0,0.0,0.0
263,2018-07-12 14:18:26,['Does Samsung j5 pro support screen mirror?'],0.0,0.69,0.31,0.4019
264,2018-07-12 14:33:39,['Samsung Smart Call... Where is it on Galaxy S8?'],0.0,0.748,0.252,0.4019
265,2018-07-12 16:46:04,['I have a Samsung s8 yet I seem to be stuck on Samsung Expirience 8.1. Anyone have an idea on how to upgrade to 9?'],0.083,0.917,0.0,-0.25
266,2018-07-12 17:22:41,['Has anyone bought an unlocked phone directly from Samsung and have it now work for your carrier?'],0.0,1.0,0.0,0.0
267,2018-07-12 19:24:51,['Samsung has worst customer service in the world. Is here anyone with refunds issue? I ordered s9plus online from Samsung. got damaged box and device. Returned it and it‚Äôs been 4 months now. These clown just escalating issue? Anyone in same boat had similar problem? Any solution?'],0.202,0.798,0.0,-0.8924
268,2018-07-12 21:02:08,"['Samsung are Telefoanele care se STRICA cel mai REPEDE, Conform unui nou Studiu']",0.0,0.789,0.211,0.4939
269,2018-07-12 22:26:48,['Samsung GALAXY Note 9 - PRETUL de Vanzare a fost Dezvaluit Inaintea Lansarii'],0.0,1.0,0.0,0.0
270,2018-07-13 00:20:20,['Download b·∫£n v√° G610FDXS1BRF5 Th√°ng 6 nƒÉm 2018 B·∫£o m·∫≠t cho Samsung Galaxy J7 Prime'],0.0,1.0,0.0,0.0
271,2018-07-13 00:38:05,['Samsung S8 Screen Issue']-------------,0.0,1.0,0.0,0.0
272,2018-07-13 00:48:36,['Samsung S8 Display Isues']------------,0.0,1.0,0.0,0.0
273,2018-07-13 02:07:05,['Samsung Focus termination']-----------,0.0,1.0,0.0,0.0
274,2018-07-13 03:31:18,['Upgrading from an iPhone 7 Plus']-----,0.0,1.0,0.0,0.0
275,2018-07-13 04:31:56,['Samsung GALAXY X are Lansare GRABITA de FRICA Companiilor Huawei si Apple'],0.0,1.0,0.0,0.0
276,2018-07-13 06:00:41,['Help please with my smart TV']--------,0.0,0.444,0.556,0.6124
277,2018-07-13 07:08:16,['Anyone else have this problem?']------,0.0,1.0,0.0,0.0
278,2018-07-13 09:57:37,['OG Samsung galaxy gear']--------------,0.0,1.0,0.0,0.0
279,2018-07-13 10:00:25,"['I have $200 to spend at Samsung website, what should I get ? I don‚Äôt really need anything... maybe a tablet ??...any ideas ?']",0.0,1.0,0.0,0.0
280,2018-07-13 12:27:08,['How do I turn off the touch key lights?'],0.0,1.0,0.0,0.0
281,2018-07-13 12:27:44,['what to do']--------------------------,0.0,1.0,0.0,0.0
282,2018-07-13 13:17:53,['Samsung Experience 9.0 (HATE IT!)']---,0.0,1.0,0.0,0.0
283,2018-07-13 13:42:36,"[""getting a message that my phone can't find partition and my phone keeps restarting""]",0.0,1.0,0.0,0.0
284,2018-07-13 14:26:14,['Get a pair of 2018 Samsung Gear IconX wireless earbuds for $135 (normally $180+ from Amazon or Samsung)'],0.0,0.904,0.096,0.1779
285,2018-07-13 15:33:59,['Samsung Pay']-------------------------,0.0,1.0,0.0,0.0
286,2018-07-13 19:45:18,['Help: Samsung Galaxy A5 2017']--------,0.0,1.0,0.0,0.0
287,2018-07-13 20:36:52,['I hate the new Samsung system update (A7 2017)'],0.316,0.684,0.0,-0.5719
288,2018-07-13 22:24:10,['[HELP]']------------------------------,0.0,1.0,0.0,0.0
289,2018-07-14 03:12:58,['Samsung S6 is unresponsive']----------,0.0,1.0,0.0,0.0
290,2018-07-14 04:12:12,['The Samsung Galaxy S10 Plus will be launched with this processor #SamsungGalaxyS10Plus'],0.0,0.88,0.12,0.128
291,2018-07-14 06:11:02,['Samsung Galaxy S8 Unlocked 64GB - US Version (Midnight Black) - US Warranty is now $225.00 off'],0.0,1.0,0.0,0.0
292,2018-07-14 06:48:17,['Complete lack of customer service. No help in sight. Unsure of what to do.'],0.339,0.521,0.141,-0.4215
293,2018-07-14 10:53:49,"['[TV]I have a Samsung HPT4254, got it for free from someone who just got a new TV, and it cuts off by itself and starts clicking.']",0.08,0.8,0.12,0.2732
294,2018-07-14 11:17:36,['Samsung Galaxy S10_every thing you need to know'],0.0,1.0,0.0,0.0
295,2018-07-14 11:21:35,['Samsung MU6300']----------------------,0.0,1.0,0.0,0.0
296,2018-07-14 13:30:13,['How can I prioritise HD channels on a tv?'],0.0,1.0,0.0,0.0
297,2018-07-14 13:40:58,"['Anyone know how to locate emails marked as ""Done"" from the Inbox by Gmail app in Samsung\'s own email app?']",0.0,1.0,0.0,0.0
298,2018-07-14 15:38:35,['Zizo Bolt Samsung Galaxy S8 Case or UAG Plasma Galaxy S8 Case?'],0.0,1.0,0.0,0.0
299,2018-07-14 15:49:10,"[""Best case and screen protector (don't have to be sold together) for Samsung Galaxy S8 for under $50 (total)""]",0.0,1.0,0.0,0.0
300,2018-07-14 18:15:54,['NFC Cases']---------------------------,0.0,1.0,0.0,0.0
301,2018-07-14 20:55:11,['I just got my Samsung 9 today. Any tips?'],0.0,1.0,0.0,0.0
302,2018-07-14 22:02:33,['Samsung GALAXY X: Asa va FUNCTIONA Telefonul Pliabil al Samsung (INFOGRAFIC)'],0.0,1.0,0.0,0.0
303,2018-07-15 01:04:42,['Samsung texting photos without user content'],0.0,1.0,0.0,0.0
304,2018-07-15 03:50:25,['Samsung galaxy j7 2017 camera test']--,0.0,1.0,0.0,0.0
305,2018-07-15 05:23:22,['Massive Samsung Phone Collection | Review and Comparisons'],0.0,1.0,0.0,0.0
306,2018-07-15 05:40:51,['Side buttons dont work Samsung S9']---,0.0,1.0,0.0,0.0
307,2018-07-15 08:19:51,['Disable WiFi on a Samsung Oven']------,0.0,1.0,0.0,0.0
308,2018-07-15 10:14:44,['S7 Edge Problems With Samsung Experience 9 (Oreo)'],0.31,0.69,0.0,-0.4019
309,2018-07-15 13:37:58,['Better than Samsung dex?']------------,0.0,1.0,0.0,0.0
310,2018-07-15 14:49:29,['Samsung level on headphones are quiet'],0.0,1.0,0.0,0.0
311,2018-07-15 16:43:55,['Dark mode for Samsung phones?']-------,0.0,1.0,0.0,0.0
312,2018-07-15 16:59:16,['My home screen keeps stoping']--------,0.0,1.0,0.0,0.0
313,2018-07-15 17:15:09,"[""I can't share or download images from the Samsung cloud.""]",0.173,0.827,0.0,-0.2235
314,2018-07-15 17:42:43,['Dark samsung keyboard?']--------------,0.0,1.0,0.0,0.0
315,2018-07-15 18:32:34,"['Remove ""Editor\'s Choice"" from Samsung TV menu']",0.0,1.0,0.0,0.0
316,2018-07-15 21:33:53,['fast wireless charger charging pad foldable stand for samsung'],0.0,1.0,0.0,0.0
317,2018-07-15 23:10:21,['Deal with if Samsung Printer not Printing from a Mobile Device'],0.0,1.0,0.0,0.0
318,2018-07-15 23:25:19,['Android 8 Oreo s·∫Ω l√† b·∫£n c·∫≠p nh·∫≠t cu·ªëi c√πng cho Samsung Galaxy S7 v√† S7 Edge'],0.0,1.0,0.0,0.0
319,2018-07-15 23:26:31,['Samsung to Samsung Facetime equivalent?'],0.0,1.0,0.0,0.0
320,2018-07-16 02:02:29,['Samsung GALAXY S10 - Functia MAJORA CONFIRMATA OFICIAL de Presedintele Samsung'],0.0,1.0,0.0,0.0
321,2018-07-16 02:18:51,['Strange behavior on Samsung monitor']-,0.0,1.0,0.0,0.0
322,2018-07-16 03:17:39,['How To Root Samsung Galaxy Star GT-S5282 Download Free'],0.0,1.0,0.0,0.0
323,2018-07-16 04:32:07,"['Samsung GALAXY Note 9: OFICIAL, NOUTATI Mari Confirmate de catre Presedintele Samsung']",0.0,1.0,0.0,0.0
324,2018-07-16 05:14:51,['How to turn on game mode on a Samsung tv?'],0.0,1.0,0.0,0.0
325,2018-07-16 05:35:49,['Samsung MB-MC64GA/APC U3 MicroSDXC 64GB Evo+ Memory Card'],0.0,1.0,0.0,0.0
326,2018-07-16 06:35:23,['Disable Screen Mirroring Function S9+??'],0.0,1.0,0.0,0.0
327,2018-07-16 06:49:09,['Huawei could beat Samsung to 5G in South Korea'],0.0,1.0,0.0,0.0
328,2018-07-16 07:31:52,"['Samsung GALAXY S10 va fi Lansat in Trei Modele noi, COPIATE dupa iPhone 2018']",0.0,1.0,0.0,0.0
329,2018-07-16 07:37:38,['My Samsung Galaxy J5 (2016) keeps quickly downloading a file constantly.'],0.0,1.0,0.0,0.0
330,2018-07-16 08:02:32,['How To Root Samsung Galaxy Ace 2 GT-I8160 Free Download'],0.0,0.708,0.292,0.5106
331,2018-07-16 08:12:32,['How TO Downgrade Samsung Galaxy Grand Duos I9082 Download'],0.0,0.727,0.273,0.4588
332,2018-07-16 08:27:56,"['Phones with the highest failure rate, Samsung #1 : (']",0.292,0.708,0.0,-0.5106
333,2018-07-16 08:41:27,['Did Samsung even care ?']-------------,0.0,0.556,0.444,0.4939
334,2018-07-16 09:08:54,['Samsung GALAXY Note 9 - PRIMA Imagine cu o UNITATE REALA a Aparut Astazi'],0.0,1.0,0.0,0.0
335,2018-07-16 09:30:45,['Is there any way to backup secret mode bookmarks in Samsung internet?'],0.0,1.0,0.0,0.0
336,2018-07-16 10:25:40,['Asking for a friend: Her brother died and she doesnt know the pattern. She has acces to his samsung account and laptop but not his gmail/hotmail. Anyway she can unlock his phone?'],0.069,0.868,0.063,-0.0516
337,2018-07-16 11:58:54,['Free Samsung S9']---------------------,0.0,1.0,0.0,0.0
338,2018-07-16 15:58:49,['Tab S3 worth it for $399.99?']--------,0.0,0.725,0.275,0.2263
339,2018-07-16 18:37:09,['Samsung Galaxy Note 9 might be pushing its luck by reiterating the old design'],0.0,0.8,0.2,0.4588
340,2018-07-16 21:04:00,['Samsung GALAXY Note 9 - DATA de PRECOMANDA a Telefonului a fost Anuntata'],0.0,1.0,0.0,0.0
341,2018-07-16 22:22:21,['Samsung Smart TV (model: UN40EH5300) keeps disconnecting me off the Wi-Fi'],0.0,0.787,0.213,0.4019
342,2018-07-17 00:05:14,['[HELP]Wireless charger for samsung to testÔºåwho want get free wireless chargerÔºü'],0.0,0.662,0.338,0.5574
343,2018-07-17 01:28:27,['Samsung Electronics Announces Industry‚Äôs First 8Gb LPDDR5 DRAM for 5G and AI-powered Mobile Applications'],0.0,1.0,0.0,0.0
344,2018-07-17 01:34:50,['Samsung A Anuntat OFICIAL o Noua PREMIERA URIASA pentru Smartphone-uri'],0.0,1.0,0.0,0.0
345,2018-07-17 03:13:54,['Samsung Galaxy J7 - an HONEST review 2018'],0.0,0.598,0.402,0.6166
346,2018-07-17 04:14:36,['Is the difference between a S9 and S10 going to be big?'],0.0,1.0,0.0,0.0
347,2018-07-17 04:28:57,"[""Samsung Pay stopped working on my note 8 and I can't figure out why...""]",0.248,0.752,0.0,-0.3182
348,2018-07-17 04:37:08,"['Samsung GALAXY X: OFICIAL, Acestea sunt Functiile Noului Telefon Pliabil']",0.0,1.0,0.0,0.0
349,2018-07-17 04:43:54,['New images Leaks Samsung Galaxy Note 9 !!! True Flagship'],0.0,0.685,0.315,0.5684
350,2018-07-17 05:19:52,['Buy Samsung phones from Samsung.com or retailers'],0.0,1.0,0.0,0.0
351,2018-07-17 05:41:06,['Radio app on Galaxy A8 2018']---------,0.0,1.0,0.0,0.0
352,2018-07-17 06:12:20,['Samsung GALAXY Tab S4: SPECIFICATIIle TEHNICE FINALE in Lupta cu iPad Pro'],0.0,1.0,0.0,0.0
353,2018-07-17 07:37:59,['Galaxy S10: Samsung would prepare three models to counter Apple'],0.0,1.0,0.0,0.0
354,2018-07-17 08:04:19,['[HELP] New Samsung HT-J4500 System has no Bluetooth Mode. How to enable Bluetooth?'],0.155,0.845,0.0,-0.296
355,2018-07-17 09:11:02,['Help: my phone makes the listening sound at random times when the button is not pressed'],0.0,1.0,0.0,0.0
356,2018-07-17 09:40:30,['Samsung GALAXY Note 9 - Noi Imagini cu o UNITATE REALA Arata Camera CIUDATA'],0.0,1.0,0.0,0.0
357,2018-07-17 11:23:14,"['Samsung ""stock"" Oreo OS on Verizon Galaxy Tab S3']",0.0,1.0,0.0,0.0
358,2018-07-17 11:54:15,['Samsung Note 9 leaks on 2019 design and specs... Awesome phone !!'],0.0,0.681,0.319,0.6892
359,2018-07-17 13:59:09,['Samsung Gear S3 Frontier or Samsung Gear Sport?'],0.0,1.0,0.0,0.0
360,2018-07-17 16:14:19,['Skipping/stuttering audio on Samsung Galaxy A8'],0.0,1.0,0.0,0.0
361,2018-07-17 18:51:54,['60fps video recorder?']---------------,0.0,1.0,0.0,0.0
362,2018-07-17 20:10:44,['HELP with smart network switch?']-----,0.0,0.597,0.403,0.4019
363,2018-07-17 20:16:09,['Charge Samsung with with free wireless charger'],0.0,0.645,0.355,0.5106
364,2018-07-17 20:47:34,['Samsung Galaxy Note 9 images leaked with slightly changed boot logo- GeeksDirt'],0.187,0.813,0.0,-0.3182
365,2018-07-17 21:01:55,['Samsung GALAXY S9 - Modul STUPID in care este IRONIZAT iPhone X (VIDEO)'],0.253,0.551,0.196,-0.2342
366,2018-07-18 00:05:18,['Samsung GALAXY Note 9: Clipul Video care a Pus Intregul Internet pe JAR'],0.0,0.775,0.225,0.4939
367,2018-07-18 00:45:59,['Playing music through multi room setup and Bluetooth soundbar at the same time?'],0.0,1.0,0.0,0.0
368,2018-07-18 01:22:34,['Anyone else got this new Samsung music update? It looks amazing!'],0.0,1.0,0.0,0.0
369,2018-07-18 03:09:24,['help with activating samsung ultra phone'],0.0,1.0,0.0,0.0
370,2018-07-18 03:45:37,['Samsung Galaxy Note 9 live images leaked by Evans Bass'],0.223,0.777,0.0,-0.3182
371,2018-07-18 03:55:27,['Top 3 Upcoming Flagship Smartphones !!! Samsung Galaxy X !! Galaxy Note...'],0.0,0.778,0.222,0.3753
372,2018-07-18 04:32:43,['Samsung GALAXY S10 - NOUTATILE IMPORTANTE la care Fanii iPhone doar VISEAZA'],0.0,0.758,0.242,0.4939
373,2018-07-18 05:58:39,['How is the longevity of the S/Note series now?'],0.0,1.0,0.0,0.0
374,2018-07-18 06:25:05,['Dolby Atmos on Samsung Galaxy S8 Ported From Samsung Galaxy S9'],0.0,1.0,0.0,0.0
375,2018-07-18 07:31:24,['Samsung GALAXY X va fi Cel mai INOVATOR Telefon Lansat de catre Samsung'],0.0,1.0,0.0,0.0
376,2018-07-18 07:41:56,['Samsung Galaxy S10 may come with a in-screen fingerprint reader'],0.0,1.0,0.0,0.0
377,2018-07-18 07:56:43,['Samsung mocks Apple over download speeds of iPhone X- GeeksDirt'],0.25,0.75,0.0,-0.4588
378,2018-07-18 09:32:48,['HUGE battery drains on Exynos Samsung S9'],0.0,1.0,0.0,0.0
379,2018-07-18 09:56:59,['How To Take Screenshot On Samsung Galaxy Phones Free Download'],0.0,0.732,0.268,0.5106
380,2018-07-18 11:25:56,['Disabling lte on samsung s9 with att'],0.0,1.0,0.0,0.0
381,2018-07-18 11:50:37,['S8 - Earpiece extremely low volume?']-,0.374,0.626,0.0,-0.3384
382,2018-07-18 12:04:38,['Whatever happened to Samsung Themes Music Player backgrounds'],0.0,1.0,0.0,0.0
383,2018-07-18 12:17:40,['Replacing Samsung s7 Active battery?'],0.0,0.597,0.403,0.4019
384,2018-07-18 12:51:34,"[""Does Google Pay have the ability to use Samsung's MST Chip?""]",0.11,0.709,0.181,0.2263
385,2018-07-18 13:19:51,['Help: Samsung is not repairing my phone under warranty because the power button is stuck'],0.0,1.0,0.0,0.0
386,2018-07-18 13:28:34,['Best ways to personalise Samsung GS9'],0.0,1.0,0.0,0.0
387,2018-07-18 14:29:51,"['I am thinking about purchasing a Samsung Galaxy Tab A 10.1 with an S Pen, but I have some questions about the S Pen.']",0.0,1.0,0.0,0.0
388,2018-07-18 15:05:05,['tech-unsavy: need help deciding on an upgrade (xpost: googlepixel)'],0.0,0.748,0.252,0.4019
389,2018-07-18 15:49:00,['Missing pictures from samsung cloud']-,0.0,1.0,0.0,0.0
390,2018-07-18 16:28:28,['Delay between calls']-----------------,0.0,1.0,0.0,0.0
391,2018-07-18 16:48:26,['Broken screen']-----------------------,0.0,1.0,0.0,0.0
392,2018-07-18 17:41:09,['Samsung J7 V (J727V) Randomly Disables Accelerometer and Gyroscope'],0.0,1.0,0.0,0.0
393,2018-07-18 17:58:47,['Samsung Reportedly Plans To Launch Foldable-Screen Phone Early Next Year'],0.0,1.0,0.0,0.0
394,2018-07-18 21:16:26,['How to Install any Font on Samsung Galaxy devices?'],0.0,1.0,0.0,0.0
395,2018-07-18 22:47:31,['Samsung Galaxy J4 2018 Review']-------,0.0,1.0,0.0,0.0
396,2018-07-18 22:52:09,['How to Backup and Restore Samsung Galaxy J6/J8'],0.0,0.761,0.239,0.296
397,2018-07-18 23:45:02,['First Samsung phone / Currently on use. Which were yours?'],0.0,1.0,0.0,0.0
398,2018-07-19 00:43:51,['How to switch content between 2 Samsung Galaxy phones.'],0.0,1.0,0.0,0.0
399,2018-07-19 01:42:23,"[""Samsung's Home Theater for MU7052 TV""]",0.0,1.0,0.0,0.0
400,2018-07-19 02:15:38,['Looking to buy a Samsung Gear Sport - Should I wait for the S4 to release?'],0.0,1.0,0.0,0.0
401,2018-07-19 02:57:18,['How to fix Samsung Account Session Expired in 3 Tested Ways'],0.0,1.0,0.0,0.0
402,2018-07-19 03:49:02,['Best List Of Samsung Mobile Service Centre Kolkata - HELP'],0.0,1.0,0.0,0.0
403,2018-07-19 06:10:05,['Upcoming Samsung Mobile Phones 2018: Wait for Your Next Purchase'],0.0,1.0,0.0,0.0
404,2018-07-19 06:46:54,['Samsung GALAXY Note 9: Design-ul FINAL al RIVALULUI iPhone X Plus (VIDEO)'],0.0,1.0,0.0,0.0
405,2018-07-19 08:26:03,['Problem with 3D and display modes']---,0.0,1.0,0.0,0.0
406,2018-07-19 08:47:26,['Samsung galaxy S7 in 2018']-----------,0.0,1.0,0.0,0.0
407,2018-07-19 09:08:25,['Samsung GALAXY X - Acesta este Ecranul ASCUNS al Telefonului Mobil Pliabil'],0.0,1.0,0.0,0.0
408,2018-07-19 12:08:45,['Samsung Galaxy A6+ (2018) review']----,0.0,1.0,0.0,0.0
409,2018-07-19 13:16:55,"['Switched to Samsung Note 8 from the iPhone world, everything is soo much better']",0.0,1.0,0.0,0.0
410,2018-07-19 16:47:16,"[""Is Samsung about to unleash a beast in a few weeks? Let's get ready for Unpacked 2018 part 2üòé""]",0.0,0.865,0.135,0.3612
411,2018-07-19 17:29:13,"['I bought a Samsung Galaxy S8+ Orchid Grey last night, realised i kinda want black while setting it up... Did i make a huge mistake?']",0.0,0.8,0.2,0.3626
412,2018-07-19 18:48:17,['Samsung HWJ550 Soundbar Bluetooth question.'],0.0,1.0,0.0,0.0
413,2018-07-19 19:51:09,['Samsung Galaxy A8 (2018) Front Camera Laggy'],0.0,1.0,0.0,0.0
414,2018-07-19 20:21:05,['Samsung s9+ screen unresponsive']-----,0.0,1.0,0.0,0.0
415,2018-07-19 21:02:00,['Samsung GALAXY S9 - ESECUL tot mai CLAR in Vanzari in Comparatie cu iPhone X'],0.0,1.0,0.0,0.0
416,2018-07-19 21:26:50,['2015 Samsung Curve TV']---------------,0.0,1.0,0.0,0.0
417,2018-07-19 22:04:13,"['Samsung Launches Family Hub, the Next Generation Refrigerator | Eye Tv']",0.0,1.0,0.0,0.0
418,2018-07-19 22:51:30,['[Help] S8 green screened and will no longer respond?'],0.216,0.784,0.0,-0.296
419,2018-07-20 01:32:23,['Samsung isi DISPERA Utilizatorii de Telefoane cu ceva ce Compania Apple NU ar face'],0.0,1.0,0.0,0.0
420,2018-07-20 03:41:24,['S8+ or S9?']--------------------------,0.0,1.0,0.0,0.0
421,2018-07-20 04:01:30,['Will the Samsung make the physical keyboard cover case for the Galaxy S9 like they did for the S8?'],0.0,0.878,0.122,0.3612
422,2018-07-20 04:08:41,['Samsung robot vacuum cleaners. Good or bad?'],0.0,0.674,0.326,0.4404
423,2018-07-20 05:17:08,"['Samsung GALAXY Note 9 ar putea fi ULTIMUL Model din Serie, Iata ce Planuri are Samsung']",0.0,1.0,0.0,0.0
424,2018-07-20 05:23:31,['Samsung Accepts Cryptocurrency Payments in Three Baltic States - Coinjournal'],0.0,0.777,0.223,0.3182
425,2018-07-20 05:31:49,"[""Samsung Galaxy J3 - how to save apps to SD...can't find solution - so frustrating!!""]",0.117,0.657,0.226,0.4257
426,2018-07-20 06:27:36,['A problem with samsung galaxy xcover 4'],0.31,0.69,0.0,-0.4019
427,2018-07-20 07:27:12,['Pin stopped working']-----------------,0.487,0.513,0.0,-0.2263
428,2018-07-20 07:40:09,['a good samsung smartphone around 200-250$? thank you'],0.0,0.526,0.474,0.6597
429,2018-07-20 07:54:11,"['[Help] Can you disable ""Do you see what you\'re looking for here?"" step using voice on Samsung Smart TV?']",0.0,0.855,0.145,0.4696
430,2018-07-20 07:57:08,"['Samsung s7, Homepage resets to default settings']",0.0,1.0,0.0,0.0
431,2018-07-20 08:20:52,"[""Samsung Galaxy UI sucks! Here's why. Check out the video""]",0.237,0.763,0.0,-0.4199
432,2018-07-20 09:02:35,['Samsung GALAXY S9: iPhone X e LUAT IN RAS in Noi Reclame ale Samsung (VIDEO)'],0.0,1.0,0.0,0.0
433,2018-07-20 09:09:25,['The future of Samsung']---------------,0.0,1.0,0.0,0.0
434,2018-07-20 09:13:18,['Tesla bought me the Samsung Family Hub Fridge Freezer! It‚Äôs incredible..'],0.0,1.0,0.0,0.0
435,2018-07-20 09:57:20,['Searching cheap Samsung phone']-------,0.0,1.0,0.0,0.0
436,2018-07-20 10:58:46,['Samsung S8']--------------------------,0.0,1.0,0.0,0.0
437,2018-07-20 13:08:16,['Samsung Galaxy Note 9 Release Date | Features'],0.0,1.0,0.0,0.0
438,2018-07-20 13:23:04,['Daily Berminal Brief (7/20/18): Samsung Stores Integrate Crypto Payments'],0.0,1.0,0.0,0.0
439,2018-07-20 16:28:15,['Samsung A8 call volume']--------------,0.0,1.0,0.0,0.0
440,2018-07-20 17:16:14,['why cant I buy a Samsung odyssey in Australia?'],0.0,1.0,0.0,0.0
441,2018-07-20 18:01:03,['HDMI Hub']----------------------------,0.0,1.0,0.0,0.0
442,2018-07-20 19:24:27,['SAMSUNG or AT&amp;T should give me a new phone or refurbished phone. HELP PLEASE ANY TIPS OR INFO TO SPEED PROCESS UP WOULD BE HELPFUL.'],0.0,0.773,0.227,0.7555
443,2018-07-20 22:50:15,['How to add my ringtones and alarms on an Samsung Galaxy J7'],0.16,0.84,0.0,-0.2732
444,2018-07-20 23:02:05,['Samsung GALAXY X va fi MULT mai SCUMP decat isi Imagineaza Fanii Samsung'],0.0,1.0,0.0,0.0
445,2018-07-21 01:56:19,['Why ia Bixby the slowest app on my phone?'],0.0,1.0,0.0,0.0
446,2018-07-21 02:01:01,['Is there a way to use only your earphones to control playing your music? Like what do you do to run a song back or skip to the one before?'],0.0,0.848,0.152,0.5661
447,2018-07-21 02:01:36,['Samsung GALAXY Note 9 - Noi Imagini ne Arata o UNITATE REALA si Design-ul FINAL'],0.0,1.0,0.0,0.0
448,2018-07-21 02:10:13,['How bad is TouchWiz nowadays']--------,0.467,0.533,0.0,-0.5423
449,2018-07-21 02:47:19,['Samsung S9+ This is Insanely powerful &amp; Good!'],0.0,0.694,0.306,0.4753
450,2018-07-21 03:01:40,['Marshmallow the best android version for samsung ?'],0.0,0.625,0.375,0.6369
451,2018-07-21 04:19:42,['Samsung Galaxy Note 9 Lilac Purple Variant Images Leaked'],0.0,1.0,0.0,0.0
452,2018-07-21 05:16:06,['Warranty Galaxy S8']------------------,0.0,1.0,0.0,0.0
453,2018-07-21 05:27:34,['Canalys: Samsung and Xiaomi each ship 9.9 million smartphones in India in Q2 2018'],0.0,1.0,0.0,0.0
454,2018-07-21 06:48:29,['Gear s3 Samsung pay resets often']----,0.219,0.781,0.0,-0.1027
455,2018-07-21 07:04:07,"[""Everything's Fine Everything's Great and Then Your Samsung S7 Edge Explodes""]",0.0,0.604,0.396,0.7096
456,2018-07-21 07:12:26,['Samsung Is Building The Bixby Smart Speaker To Rival Amazon Echo And Google Home'],0.0,0.732,0.268,0.5267
457,2018-07-21 07:44:04,['Samsung s9 screen protector']---------,0.0,1.0,0.0,0.0
458,2018-07-21 07:47:44,['Samsung s7 edge Oreo Update Issue']---,0.0,1.0,0.0,0.0
459,2018-07-21 09:20:47,['How To Root Samsung Galaxy Note 2 SGH-I317 Free Download'],0.0,0.708,0.292,0.5106
460,2018-07-21 11:04:09,['My Samsung Trade In Experience']------,0.0,1.0,0.0,0.0
461,2018-07-21 11:11:45,['Samsung Galaxy A5 (32gb)']------------,0.0,1.0,0.0,0.0
462,2018-07-21 15:02:09,['Samsung Accepts Crypto and Blockchain Payments in the Baltics'],0.0,0.777,0.223,0.3182
463,2018-07-21 15:29:06,['Need a monitor stand']----------------,0.0,1.0,0.0,0.0
464,2018-07-21 15:30:24,['Samsung Secure Wi-Fi on S9?']---------,0.0,0.625,0.375,0.34
465,2018-07-21 15:43:44,['Considering the change from iPhone 7 to Samsung. Will it be too difficult to transfer my data from from the iPhone to a Samsung? Should I get an S8 or S9?'],0.096,0.904,0.0,-0.4329
466,2018-07-21 20:28:56,['Samsung j7 brightness issue']---------,0.0,0.536,0.464,0.3818
467,2018-07-21 22:02:33,['Samsung GALAXY Note 9 - Bateria IMENSA si Functiile S Pen au fost CONFIRMATE'],0.0,1.0,0.0,0.0
468,2018-07-21 23:11:56,['Bixby complete disable WITHOUT account'],0.0,1.0,0.0,0.0
469,2018-07-21 23:55:53,['Samsung galaxy s8 plus AT&amp;T problems'],0.0,1.0,0.0,0.0
470,2018-07-22 04:04:47,['Data recovery on dead Galaxy S7?']----,0.462,0.538,0.0,-0.6486
471,2018-07-22 08:31:04,['How To Root Samsung Galaxy Note 8.0 GT-N5100 Free Download'],0.0,0.732,0.268,0.5106
472,2018-07-22 08:33:00,"[""What's the best option? Samsung DEX or Samsung DEX Pad?""]",0.0,0.664,0.336,0.6767
473,2018-07-22 08:39:00,['Galaxy S 6. Phone has air pocket under screen.'],0.0,1.0,0.0,0.0
474,2018-07-22 08:42:02,['How To Root Samsung Galaxy S2 Plus GT-I9105p Download'],0.0,1.0,0.0,0.0
475,2018-07-22 09:11:37,['Samsung Galaxy Note 9 could be the last Smartphone from the Note Series'],0.0,1.0,0.0,0.0
476,2018-07-22 11:00:00,['Screen Mirroring And Samsung Galaxy S7'],0.0,1.0,0.0,0.0
477,2018-07-22 12:36:49,['Just created a Universal Profile subreddit. Please subscribe!'],0.0,0.521,0.479,0.5562
478,2018-07-22 12:39:17,['Samsung TV issue']--------------------,0.0,1.0,0.0,0.0
479,2018-07-22 12:43:14,['Samsung Galaxy x and x+']-------------,0.0,1.0,0.0,0.0
480,2018-07-22 14:26:29,['Recent update help S7 active']--------,0.0,0.597,0.403,0.4019
481,2018-07-22 14:49:10,['Samsung Pay swipe up on S6 Edge - how to disable! Driving me nuts'],0.124,0.876,0.0,-0.1759
482,2018-07-22 15:21:11,['Samsung health question']-------------,0.0,1.0,0.0,0.0
483,2018-07-22 15:38:04,['Samsung galaxy s8 phone call delay issue'],0.277,0.723,0.0,-0.3182
484,2018-07-22 18:21:36,['Way to change app opening animations on SEUI'],0.0,1.0,0.0,0.0
485,2018-07-22 18:25:55,"['My Samsung UN55JU7500 4K TV is not working. Flashes 6 times, then the Smart TV screen shows upside down for 2 seconds, then turns off again. Anyone with any idea what to try?']",0.0,0.917,0.083,0.4019
486,2018-07-22 18:38:53,"[""samsung health recording workouts that didn't happen""]",0.0,1.0,0.0,0.0
487,2018-07-22 20:34:39,"['Samsung CHG70 Series (32"") Firmware Location?']",0.0,1.0,0.0,0.0
488,2018-07-22 22:40:59,['Samsung Galaxy A5/ Android 7.0 Wifi/ Bluetooth not working'],0.0,1.0,0.0,0.0
489,2018-07-22 23:35:27,['Samsung Galaxy Watch will come in two different sizes'],0.0,1.0,0.0,0.0
490,2018-07-22 23:44:16,['Why is Samsung duplicating default android apps?'],0.0,1.0,0.0,0.0
491,2018-07-23 00:19:38,['Is everyone getting the same sound quality with Samsung akg when u play videos in Firefox browser app'],0.0,0.87,0.13,0.34
492,2018-07-23 00:30:15,['Is everyone getting the same sound quality with Samsung akg when u play videos in Firefox browser app'],0.0,0.87,0.13,0.34
493,2018-07-23 01:16:27,['T·∫°i xu·ªëng v√† c·∫≠p nh·∫≠t AICP 13.1 tr√™n Samsung Galaxy J7 Prime (Android 8.1 Oreo)'],0.0,1.0,0.0,0.0
494,2018-07-23 01:39:41,['Samsung- the Korean IT giant is now accepting seven cryptocurrencies as the payments under the deliberate partnership with the Copay platform in three Baltic States.'],0.0,0.902,0.098,0.3818
495,2018-07-23 01:45:56,"['Samsung GALAXY Note 9 - EXCLUSIV, Primul UNBOXING Video il Prezinta in Detaliu']",0.0,1.0,0.0,0.0
496,2018-07-23 02:28:32,['Shop for Samsung Smartphones on the Bajaj Finserv EMI Store on NO Cost EMI'],0.184,0.816,0.0,-0.4466
497,2018-07-23 03:24:03,['Ripple‚Äôs XRP might soon be a payment option for Samsung in some Baltic states'],0.0,1.0,0.0,0.0
498,2018-07-23 05:08:37,['HELP! My Samsung 2012 Windows 8 laptop has been stuck on the same page for five years!!'],0.161,0.839,0.0,-0.4359
499,2018-07-23 06:50:12,"['Wireless Charger - Foldable Stand Wireless Charging Pad, Qi Fast Charge for Samsung Galaxy S9/S9+ Note 8/5 S8/S8+ Plus S7 S7/S6 Edge save (50% off)']",0.0,0.878,0.122,0.4939
