,0,neg,neu,pos,net,netconclude
1,['Full screen gesture controls for Samsung Galaxy S9+?'],0.0,1.0,0.0,0.0,Neutral
2,['Any thoughts on buying the Samsung Galaxy A3 (2017)?'],0.0,1.0,0.0,0.0,Neutral
3,"['S7 edge: Continually getting a Samsung DM Service ""Checking device status..."" message']",0.0,1.0,0.0,0.0,Neutral
4,['Samsung GALAXY Note 9 Hands-On VIDEO Ne Aratao Posibila Prima Unitate REALA'],0.0,1.0,0.0,0.0,Neutral
5,['Samsung - LUX este Produsul SPECIAL ce va fi LANSAT in August cu Galaxy Note 9'],0.0,0.803,0.197,0.197,Positive
6,['The next Samsung Galaxy A series phone could have the triple camera and in-display fingerprint sensor'],0.0,1.0,0.0,0.0,Neutral
7,['Choosing a phone.']-------------------,0.0,1.0,0.0,0.0,Neutral
8,['Need more hdmi ports']----------------,0.0,1.0,0.0,0.0,Neutral
9,['Sound distortion issues with Samsung Galaxy Tab S3'],0.0,1.0,0.0,0.0,Neutral
10,['Gear VR 2016 compatibility']----------,0.0,1.0,0.0,0.0,Neutral
11,['Color settings changing']-------------,0.0,1.0,0.0,0.0,Neutral
12,['OneRemote/Bixby on Samsung UHD TVs - does speech-to-text searching work on YouTube or Netflix?'],0.0,1.0,0.0,0.0,Neutral
13,['Samsung Leak Suddenly Reveals Galaxy Note 9 Release'],0.286,0.714,0.0,-0.286,Negative
14,['Help with Instagram stories for samsung s7'],0.0,1.0,0.0,0.0,Neutral
15,"[""OMG, I didn't know this. Samsung phones amaze me every single day.""]",0.0,0.741,0.259,0.259,Positive
16,"[""What Samsung TV'S will get the Bixby 2.0 update?""]",0.0,1.0,0.0,0.0,Neutral
17,"['Samsung launches Galaxy On8 2018 With 6-inch Infinity Display, 4GB RAM, Dual Rear Camera in India']",0.0,1.0,0.0,0.0,Neutral
18,"[""Samsung added Disney's Frozen characters in AR emojis for Galaxy S9 series""]",0.0,1.0,0.0,0.0,Neutral
19,['How to Root Samsung Galaxy S Advance I9070 Download'],0.0,1.0,0.0,0.0,Neutral
20,['samsung galaxy note 9 leaked']--------,0.0,1.0,0.0,0.0,Neutral
21,['Repair of American S8 (SM-G950U1) cracked screen in Vietnam'],0.0,1.0,0.0,0.0,Neutral
22,['Samsung GALAXY Note 9 - Preturile FINALE ale Telefonului au fost Dezvaluite'],0.0,1.0,0.0,0.0,Neutral
23,['Samsung just leaked the Galaxy Tab S4.'],0.277,0.723,0.0,-0.277,Negative
24,['Our dog hates the Samsung logo!']-----,0.39,0.61,0.0,-0.39,Negative
25,"['Samsung GALAXY Tab S4 a fost LANSATA, Iata Specificatiile si Primele Imagini (VIDEO)']",0.0,1.0,0.0,0.0,Neutral
26,['How To Root Samsung S2 SGH-I777 At&amp;amp;T Download'],0.0,1.0,0.0,0.0,Neutral
27,['Samsung Galaxy Tab S4 officially announced.'],0.0,1.0,0.0,0.0,Neutral
28,['Is it possible to update a Samsung Galaxy A5 to Oreo 8.1?'],0.0,1.0,0.0,0.0,Neutral
29,['I bought the wrong case but it still fits'],0.204,0.796,0.0,-0.204,Negative
30,['Nicked S9+ display']------------------,0.0,1.0,0.0,0.0,Neutral
31,['In the process of moving my dog ran into my house and stepped on my Samsung 4k tv'],0.0,1.0,0.0,0.0,Neutral
32,['S9+ puncure crack']-------------------,0.0,1.0,0.0,0.0,Neutral
33,"[""Can't move photos to SD card""]--------",0.0,1.0,0.0,0.0,Neutral
34,"[""S9+ samsung account backup won't fit (because I have a lot of music I don't want backed up).""]",0.269,0.731,0.0,-0.269,Negative
35,['When should I expect to receive a Note 9 if on a Reserved List?'],0.0,1.0,0.0,0.0,Neutral
36,"[""With recent S7 software update, my messages notifications go away even when I haven't read them""]",0.0,1.0,0.0,0.0,Neutral
37,['T-Mobile S9+ - Awesome battery life!'],0.0,0.477,0.523,0.523,Positive
38,['Samsung MU6290 TV Bluetooth Question'],0.0,1.0,0.0,0.0,Neutral
39,['Help Needed:Move from Iphone to Samsung'],0.0,1.0,0.0,0.0,Neutral
40,['How to bypass lock code on Samsung flip phone?'],0.0,1.0,0.0,0.0,Neutral
41,['Cannot unlock the S7 swipe screen']---,0.0,1.0,0.0,0.0,Neutral
42,"['Samsung Galaxy Tab A 10.5"" is a budget-friendly Android 8.1 Oreo tablet']",0.0,1.0,0.0,0.0,Neutral
43,['Samsung GALAXY S10 Concept ARATA Telefonul la care Fanii Samsung VISEAZA (VIDEO)'],0.0,0.775,0.225,0.225,Positive
44,"[""Samsung ends Xiaomi's six-month reign as India's top smartphone brand""]",0.0,0.833,0.167,0.167,Positive
45,['Samsung Galaxy On8 (2018) Price in India Revealed'],0.0,1.0,0.0,0.0,Neutral
46,['How to recover and view notes from my S7 on my computer or iPhone'],0.0,1.0,0.0,0.0,Neutral
47,['Can Samsung replace my phone for free for this issue?'],0.0,0.732,0.268,0.268,Positive
48,['Running a phone without battery? (Galaxy A3 2016)'],0.0,1.0,0.0,0.0,Neutral
49,"['Samsung GALAXY X: EXCLUSIV, PRETUL UIMITOR de MARE pe care-l va Cere Samsung']",0.0,1.0,0.0,0.0,Neutral
50,"['Samsung Galaxy Tab S3 9.7-Inch, 32GB Tablet (Black, SM-T820NZKAXAR) is $100 off']",0.0,1.0,0.0,0.0,Neutral
51,['Bixby voice is not working']----------,0.0,1.0,0.0,0.0,Neutral
52,['Samsung GALAXY Note 9: PRECOMENZILE au fost DESCHISE de catre Compania Samsung'],0.0,1.0,0.0,0.0,Neutral
53,['Battery life of Galaxy phones']-------,0.0,1.0,0.0,0.0,Neutral
54,['Samsung Galaxy Note 9 Official Teaser'],0.0,1.0,0.0,0.0,Neutral
55,"['Refurbished: Samsung 6 Series UN65MU6500 65"" 2160p UHD LED LCD Internet TV for $679.99/-47%']",0.0,1.0,0.0,0.0,Neutral
56,['Samsung Galaxy Note 9 will cost the same as Note 8 - Android Hire'],0.0,1.0,0.0,0.0,Neutral
57,['Samsung Galaxy Note 9 will cost the same as Note 8'],0.0,1.0,0.0,0.0,Neutral
58,"[""Samsung pretends to be different than Apple... but really they're worse""]",0.107,0.893,0.0,-0.107,Negative
59,['Help resetting S8']-------------------,0.0,1.0,0.0,0.0,Neutral
60,['Update for One Hand Operation +']-----,0.0,0.61,0.39,0.39,Positive
61,['Auto Create Stories']-----------------,0.0,0.488,0.512,0.512,Positive
62,['Note 9 leaks on Samsung New Zealand site.'],0.0,1.0,0.0,0.0,Neutral
63,['Samsung home cinema questions....']---,0.0,1.0,0.0,0.0,Neutral
64,['Samsung experience launcher vs nova launcher'],0.0,1.0,0.0,0.0,Neutral
65,['Samsung Galaxy Note 4 keeps restarting by itself'],0.0,1.0,0.0,0.0,Neutral
66,['How to fix ‚Äòcamera failed‚Äô on Samsung Galaxy devices - Syncios Manager for iOS &amp; Android'],0.0,1.0,0.0,0.0,Neutral
67,['Samsung Note8 touch screen unresponsive'],0.0,1.0,0.0,0.0,Neutral
68,['Ki·∫øn th·ª©c c·∫ßn c√≥ tr∆∞·ªõc khi thay m√†n h√¨nh Samsung Galaxy J7 Prime'],0.0,1.0,0.0,0.0,Neutral
69,['Samsung GALAXY X FORTEAZA Apple sa LANSEZE un iPhone cu Adevarat REVOLUTIONAR'],0.0,1.0,0.0,0.0,Neutral
70,['Samsung Released Unbroken OLED Panel'],0.0,1.0,0.0,0.0,Neutral
71,['Note 9 leaked by Samsung New Zealand YouTube channel.'],0.247,0.753,0.0,-0.247,Negative
72,['Help on an overscan issue?']----------,0.0,1.0,0.0,0.0,Neutral
73,['Samsung unveiled Tab S4 &amp;#038; Tab A 2018'],0.0,1.0,0.0,0.0,Neutral
74,['Samsung Galaxy Note 9 Introduction Video'],0.0,1.0,0.0,0.0,Neutral
75,"['Samsung Galaxy A5 A520F 64GB 3GB Ram, 16MP Rear Cameras / 16MP Front, CPU Octa-Core 1.9 GHz, Exynos 7880 Octa, Dust Water Proof, 5.2"" Display, Gold with 1 Year Warranty']",0.0,1.0,0.0,0.0,Neutral
76,['Who should get the Note 9 - Are you interested in upgrading to Note 9?'],0.0,0.816,0.184,0.184,Positive
77,['Leaked: the Samsung Galaxy Note9 is a super power'],0.0,0.642,0.358,0.358,Positive
78,"[""Samsung Borrows from Chinese Playbook in Battle for India's Smartphone Market - OMG News Today""]",0.167,0.833,0.0,-0.167,Negative
79,['Samsung GALAXY Note 7 a fost STERS COMPLET din Istoria Companiei Samsung (VIDEO)'],0.0,1.0,0.0,0.0,Neutral
80,['Samsung put out small Update for Note 4 with newer security patch and battery life/stability improvements'],0.0,0.854,0.146,0.146,Positive
81,"['What do the Galaxy Notes do? And what‚Äôs the difference from the normal galaxy phones eg s6,7,8,9?']",0.0,1.0,0.0,0.0,Neutral
82,['Samsung GALAXY Note 9 Clipul Video OFICIAL de LANSARE a fost Publicat de Samsung (VIDEO)'],0.0,1.0,0.0,0.0,Neutral
83,"[""How can I check a new phone isn's stolen?""]",0.0,1.0,0.0,0.0,Neutral
84,['Samsung GALAXY S10 - Acest Design NOU te va face sa-l CUMPERI IMEDIAT (VIDEO)'],0.0,1.0,0.0,0.0,Neutral
85,"['Samsung, are you listening?']---------",0.0,1.0,0.0,0.0,Neutral
86,['Samsung Gear S2 Smartwatch - Dark Gray is now $100.98 off'],0.0,1.0,0.0,0.0,Neutral
87,['Anyone else had problem with Samsung taking forever to send out a replacement device?'],0.184,0.816,0.0,-0.184,Negative
88,['GIVEAWAY üî•üî•üî• SAMSUNG Galaxy On8 Infinity Unboxing ‡§π‡§ø‡§Ç‡§¶‡•Ä'],0.0,1.0,0.0,0.0,Neutral
89,['Samsung leaked the Galaxy Note 9 Official Teaser and here it is..'],0.323,0.677,0.0,-0.323,Negative
90,"[""This is my Samsung Galaxy S7 Edge... The phone still works but as you can see it has no screen. How do I mirror this on to my PC so I can access the phone and connect it to syncshare? I also need to transfer or manually copy my Memos. If you can help in any way it's appreciated..""]",0.046,0.895,0.059,0.012999999999999998,Positive
91,['Move from iOS back to S8+ already loaded with data'],0.0,1.0,0.0,0.0,Neutral
92,"[""This icon keeps showing up on my Samsung smart LED tv, it just moves around the screen and I can't seem to remove it, it blocks content and is annoying. If anyone can tell me how to get rid of it I would appreciate it, thanks""]",0.092,0.8,0.108,0.016,Positive
93,"['What does the ""N"" do when you make it part of a contact\'s phone number in the Samsung Contacts app?']",0.0,0.933,0.067,0.067,Positive
94,"['Long time iPhone user looking to get a Samsung phone, any recommendations?']",0.0,1.0,0.0,0.0,Neutral
95,['Samsung Galaxy S10 and S10 plus']-----,0.0,1.0,0.0,0.0,Neutral
96,"['Samsung Tab A 10.1"" 2016']------------",0.0,1.0,0.0,0.0,Neutral
97,['Samsung Galaxy Note 9 OFFICIAL TRAILER!!!!'],0.0,1.0,0.0,0.0,Neutral
98,['Did anyone else notice that they got rid of a bunch of ways to redeem your samsung rewards? No more Visa cards and non-samsung gift cards.'],0.073,0.728,0.199,0.126,Positive
99,['Fortnite might be a Samsung Galaxy exclusive for 4 months'],0.0,0.824,0.176,0.176,Positive
100,['Can we talk about the absolutely horrible customer service ? I cant be the only one.'],0.226,0.774,0.0,-0.226,Negative
101,['Soundbar has incredibly low volume on Samsung tv'],0.255,0.745,0.0,-0.255,Negative
102,['Samsung tv crashing']-----------------,0.0,1.0,0.0,0.0,Neutral
103,['The next Samsung Galaxy A series phone could have the triple camera and in-display fingerprint sensor - GeeksDirt'],0.0,1.0,0.0,0.0,Neutral
104,"['Samsung GALAXY S9 - OFICIAL este un ESEC in Vanzari, dar NU din Cauza iPhone X']",0.0,1.0,0.0,0.0,Neutral
105,"['Note 8 owners, how has your phone held up? Considering switching back to Samsung but the experience of the S6 left a bad taste in my mouth.']",0.165,0.835,0.0,-0.165,Negative
106,['Samsung Galaxy S9 vs S9 Plus battery'],0.0,1.0,0.0,0.0,Neutral
107,['Samsung S8']--------------------------,0.0,1.0,0.0,0.0,Neutral
108,['Switching from IPhone to Samsung got questions. I need answers.'],0.0,1.0,0.0,0.0,Neutral
109,['Samsung NX3000: Samsung goes retro with its new affordable NX3000 mirrorless camera'],0.0,1.0,0.0,0.0,Neutral
110,['Trying to decide between the Galaxy A5 and the Galaxy A6 based on Android updates'],0.0,1.0,0.0,0.0,Neutral
111,['Samsung Insight Program']-------------,0.0,1.0,0.0,0.0,Neutral
112,['Download Android 4.4 For Samsung Galaxy S4 I9505 Free'],0.0,1.0,0.0,0.0,Neutral
113,['AKG Y50BT Bluetooth headphones on sale at Samsung for $50 USD'],0.0,1.0,0.0,0.0,Neutral
114,['How To Root Samsung Galaxy S4 GT-I9505 Free Download'],0.0,0.708,0.292,0.292,Positive
115,['Alternative assistant for Samsung S3 classic??'],0.0,1.0,0.0,0.0,Neutral
116,['White Moving Line at Bottom of Samsung TV'],0.0,1.0,0.0,0.0,Neutral
117,"['Are they broken? Or Samsung and non oem pretender lg charger, the same? Lg one kinda broken.']",0.178,0.822,0.0,-0.178,Negative
118,"['Save 17% on Samsung Chromebook 3, 11.6"", 4GB RAM, 16GB eMMC, Chromebook (XE500C13-K04US)']",0.0,1.0,0.0,0.0,Neutral
119,['I just got a Samsung s9 any tips or things I should download?'],0.0,1.0,0.0,0.0,Neutral
120,['Samsung Galaxy Tab A Unboxing Question'],0.0,1.0,0.0,0.0,Neutral
121,['How to turn off notifications from Samsung Smart TV (NU8000)?'],0.0,0.769,0.231,0.231,Positive
122,['Language on Samsung S9+ reset']-------,0.0,1.0,0.0,0.0,Neutral
123,['Unidays']-----------------------------,0.0,1.0,0.0,0.0,Neutral
124,"['Samsung S8 Active users, how do you like your phone?']",0.0,0.606,0.394,0.394,Positive
125,['Which MicroSD card should I purchase for my Samsung J5? Struggling'],0.0,1.0,0.0,0.0,Neutral
126,['Samsung GALAXY S10 - Primele 10 NOUTATI MAJORE Anuntate pentru Telefoanele Samsung'],0.0,1.0,0.0,0.0,Neutral
127,['yes! thank you samsung!!!!']----------,0.0,0.45,0.55,0.55,Positive
128,['thank you samsung!!!']----------------,0.0,1.0,0.0,0.0,Neutral
129,['Keyboard is not showing up in Lock Screen'],0.0,1.0,0.0,0.0,Neutral
130,['Samsung Repair Near Me']--------------,0.0,1.0,0.0,0.0,Neutral
131,"[""PSA: Disable Samsung's Customization Service in your Samsung Account settings if you have not already""]",0.0,1.0,0.0,0.0,Neutral
132,['Help My Samsung Galaxy A8 is not charging'],0.0,1.0,0.0,0.0,Neutral
133,['Samsung A lot can change in a day']---,0.0,1.0,0.0,0.0,Neutral
134,['Trouble with phone (possible waterdamage?)'],0.0,1.0,0.0,0.0,Neutral
135,['Samsung S7 suddenly not accepting my pattern'],0.267,0.733,0.0,-0.267,Negative
136,['Help: How to go about installing an updated operating system on a 2015 Samsung Smart TV?'],0.0,0.838,0.162,0.162,Positive
137,['How can some apps from my phone not be connected with my smart tv chromecast?'],0.0,0.838,0.162,0.162,Positive
138,"[""Samsung J3's display (not phone itself) keeps turning off.""]",0.0,1.0,0.0,0.0,Neutral
139,['S8 or S9']----------------------------,0.0,1.0,0.0,0.0,Neutral
140,['Help Displaying Message Sender']------,0.0,1.0,0.0,0.0,Neutral
141,['Android P for Galaxy users']----------,0.0,1.0,0.0,0.0,Neutral
142,['Samsung NU7100 DLNA support']---------,0.0,1.0,0.0,0.0,Neutral
143,"['Samsung GALAXY Note 9: OFICIAL, SPECIFICATIILE Finale Dezvaluite de un Telefon pus la Vanzare']",0.0,1.0,0.0,0.0,Neutral
144,"[""Samsung Suddenly 'Confirms' Massive Galaxy Note 9 Upgrade""]",0.0,1.0,0.0,0.0,Neutral
145,['How bad is Samsung at rolling out updates for their phones and how concerned should I be?'],0.189,0.811,0.0,-0.189,Negative
146,['Samsung just accidentally published the official Galaxy Note 9 intro video on YouTube!'],0.197,0.803,0.0,-0.197,Negative
147,"['Dear Samsung Galaxy S8 users, how are the included AKG earphones and do they work with iPhone?']",0.0,1.0,0.0,0.0,Neutral
148,['Samsung']-----------------------------,0.0,1.0,0.0,0.0,Neutral
149,['Truly wireless buds for Samsung S9 - discounted Jabra Elite Active 65t vs Gear IconX?'],0.0,0.755,0.245,0.245,Positive
150,['Samsung a Programat deja LANSAREA unui Produs NOU la Scurt Timp dupa GALAXY NOTE 9'],0.0,1.0,0.0,0.0,Neutral
151,"['Save $111.99 on Samsung Galaxy J7 Pro (32GB) J730G/DS - 5.5"" Full HD Dual SIM Unlocked Phone with Finger Print Sensor (US &amp; Latin 4G LTE) (Pink)']",0.0,1.0,0.0,0.0,Neutral
152,['Samsung GALAXY Note 9 va avea o Camera mai BUNA decat cea din GALAXY S9 Plus'],0.0,1.0,0.0,0.0,Neutral
153,['How reasonable is it to expect a pricedrop from various Samsung phones after August 9th 2018?'],0.0,1.0,0.0,0.0,Neutral
154,['Samsung Serenata']--------------------,0.0,1.0,0.0,0.0,Neutral
155,['Samsung Gear S3 battery life']--------,0.0,1.0,0.0,0.0,Neutral
156,['Summer Transfer confirmed: iPhone 6s Plus -&gt; Samsung S9+.'],0.0,1.0,0.0,0.0,Neutral
157,['Soundbar remote replacement: help!']--,0.0,1.0,0.0,0.0,Neutral
158,['Do newer Samsung models support call recording?'],0.0,0.69,0.31,0.31,Positive
159,"['Save $111.99 on Samsung Galaxy J7 Pro (32GB) J730G/DS - 5.5"" Full HD Dual SIM Unlocked Phone with Finger Print Sensor (US &amp; Latin 4G LTE) (Pink)']",0.0,1.0,0.0,0.0,Neutral
160,['Samsung galaxy Note 9 Box Leaks &amp; images Leaks !!!'],0.0,1.0,0.0,0.0,Neutral
161,['Samsung D500 Driver']-----------------,0.0,1.0,0.0,0.0,Neutral
162,['TIL Samsung UI is still called TouchWiz internally'],0.0,1.0,0.0,0.0,Neutral
163,['Why the iPhone is better than a Samsung'],0.0,0.674,0.326,0.326,Positive
164,['Does the Galaxy Note 9 have a flat screen?'],0.0,1.0,0.0,0.0,Neutral
165,"[""Users who've completed the Samsung Insights Program, how do you keep the device?""]",0.0,1.0,0.0,0.0,Neutral
166,['Looking for Samsung UN55KU6500 Apps That Might Allow Me to Rent and Stream Infinity War in 4K UHD'],0.179,0.734,0.087,-0.092,Negative
167,['Samsung Device Insights Referral']----,0.0,1.0,0.0,0.0,Neutral
168,['Preordering Note 9']------------------,0.0,1.0,0.0,0.0,Neutral
169,['Samsung GALAXY Note 9 - Iata Cadourile SUBSTANTIALE Oferite la Cumparare'],0.0,1.0,0.0,0.0,Neutral
170,['The Rose Gold Samsung Galaxy Watch Makes An Unexpected Appearance'],0.0,1.0,0.0,0.0,Neutral
171,['Getting my S9+ tomorrow! Any tips/tricks I should know? My last Samsung was the Note 5'],0.0,1.0,0.0,0.0,Neutral
172,['Samsung Galaxy S9 Plus']--------------,0.0,1.0,0.0,0.0,Neutral
173,['Samsung Galaxy A5/Google Photos']-----,0.0,1.0,0.0,0.0,Neutral
174,"['Help me get a Samsung S9 for my wife by using my promo code, it would be a great help.']",0.0,0.806,0.194,0.194,Positive
175,['Samsung Galaxy Note 8.0 gt-n5110 Not Charging'],0.0,1.0,0.0,0.0,Neutral
176,"[""How can I purchase the Samsung SM-G888? (I'm having trouble finding it)""]",0.213,0.787,0.0,-0.213,Negative
177,"['[Discussion] Looking to buy a Samsung watch, The Samsung S3 gear to be exact.']",0.0,1.0,0.0,0.0,Neutral
178,['Fastest Way to Get the Galaxy Tab S4'],0.0,1.0,0.0,0.0,Neutral
179,['Unlock Samsung Phone to use any network SIM at-Unlockninja'],0.0,1.0,0.0,0.0,Neutral
180,['Camera']------------------------------,0.0,1.0,0.0,0.0,Neutral
181,['Samsung GALAXY Note 9 - Preturile OFICIALE de LANSARE pentru Noul Telefon'],0.0,1.0,0.0,0.0,Neutral
182,['Samsung Galaxy S6 sending texts twice (sometimes)'],0.0,1.0,0.0,0.0,Neutral
183,['What should my next phone be?']-------,0.0,1.0,0.0,0.0,Neutral
184,['Tv language problems']----------------,0.0,1.0,0.0,0.0,Neutral
185,['How To Root Samsung Galaxy S4 SCH-I545 (Verizon) Download'],0.0,1.0,0.0,0.0,Neutral
186,['Fortnite Promo']----------------------,0.0,1.0,0.0,0.0,Neutral
187,['Looking to Jump ship from an Lg V20 to Samsung'],0.0,1.0,0.0,0.0,Neutral
188,['Samsung data transfer issues']--------,0.0,1.0,0.0,0.0,Neutral
189,['Switching from iPhone']---------------,0.0,1.0,0.0,0.0,Neutral
190,['Can we expect a refresh of the Tab A 10.1 with SPen to be announced on Thursday?'],0.0,1.0,0.0,0.0,Neutral
191,"[""What's the oldest Samsung smartphone brand that would still be considered Modern ?""]",0.0,1.0,0.0,0.0,Neutral
192,"['Samsung Galaxy S5: gives ""power sharing"" notification when phone is not connected to charger. In addition, USB charger does not work properly, sometimes not charging and sometimes doing slow charging']",0.0,0.912,0.088,0.088,Positive
193,['I just switched to Samsung and honestly feel sure of myself but want an undeniable answer. Are they separate or?'],0.0,0.769,0.231,0.231,Positive
194,['Samsung keeps trying to sync to the cloud more then I want - Constant notifications'],0.0,0.884,0.116,0.116,Positive
195,['Is my Phone broken?']-----------------,0.0,1.0,0.0,0.0,Neutral
196,"['Samsung Galaxy Note 9 Features , Price and Specifications | Gadgets Review']",0.0,1.0,0.0,0.0,Neutral
197,['Samsung Galaxy S8 Review: Stylish [Review] (2018)'],0.0,1.0,0.0,0.0,Neutral
198,['Has anyone else noticed these fake ads ? They are using a samsung Gear S3 and naming it something completely different.'],0.147,0.853,0.0,-0.147,Negative
199,"['46% off Samsung 21.5"" Screen LCD Monitor (S22E450B)']",0.0,1.0,0.0,0.0,Neutral
200,['Samsung Galaxy S9 Review: The Perfect Smartphone [Review] (2018)'],0.0,0.684,0.316,0.316,Positive
201,"[""Why there's not a single word for S9/S9+ android p release date? Samsung is going to delay again even with Treble?""]",0.129,0.871,0.0,-0.129,Negative
202,['Samsung GALAXY S9 OBLIGA Compania Samsung sa Anunte o Schimbare URIASA'],0.0,1.0,0.0,0.0,Neutral
203,['Please Samsung please....']-----------,0.0,1.0,0.0,0.0,Neutral
204,"['Sort Samsung mobiles with options like Trending, Latest, by Price and by features like Ram, Storage, Camera, Battery and more.']",0.0,0.783,0.217,0.217,Positive
205,['How does samsung pay work..?']--------,0.259,0.741,0.0,-0.259,Negative
206,"[""What are those Samsung 'stories'?""]---",0.0,1.0,0.0,0.0,Neutral
207,['Iata ce PROBLEMA GRAVA a fost Dezvaluita Astazi pentru Telefoanele Samsung'],0.0,1.0,0.0,0.0,Neutral
208,['Ipad usb cable on Samsung tablets?']--,0.0,1.0,0.0,0.0,Neutral
209,"[""My Samsung Galaxy J5 Prime's fingerprint sensor isn't responding.""]",0.0,1.0,0.0,0.0,Neutral
210,['Tip (Galaxy series (Android 7.0 +) required: Allow an app (both system and user apps) to play sound at the same time as other apps (Samsung SoundAssistant required (G. Play Store) and set individual volume levels for apps. For example: listen to a song on Spotify while watching a Youtube video'],0.0,0.873,0.127,0.127,Positive
211,['Screen locking. Samsung S7.']---------,0.0,1.0,0.0,0.0,Neutral
212,['Samsung A5 Moisture Warning']---------,0.0,1.0,0.0,0.0,Neutral
213,['Screensaver issue']-------------------,0.0,1.0,0.0,0.0,Neutral
214,['How to stop videos that are on my SD card from showing up in my Samsung Photo Gallery?'],0.115,0.885,0.0,-0.115,Negative
215,['Samsung S9/S9+ users DO NOT install 8/8/2018 (G960USQU2ARF7) android firmware if you want 240fps slowmo to work properly! TLDR inside'],0.0,0.923,0.077,0.077,Positive
216,"['Samsung S9/S9+ users, DO NOT update to 7/8/2018 (G960USQU2ARF7) android firmware if you want 240fps slowmo camera mode to work properly! TLDR inside..']",0.0,0.933,0.067,0.067,Positive
217,"['Won a samsung MU6300 55"" do I keep or sell?']",0.0,1.0,0.0,0.0,Neutral
218,['Light bleed from Galaxy S9 corner']---,0.0,1.0,0.0,0.0,Neutral
219,['save (47%) Samsung Galaxy Gear S3 frontier 46mm Stainless Steel Case Black Sport Band for $209.99'],0.0,1.0,0.0,0.0,Neutral
220,['Save (47%) Samsung Galaxy Gear S3 frontier 46mm Stainless Steel Case Black Sport Band for $209.99'],0.0,1.0,0.0,0.0,Neutral
221,['Best way to transfer data between 2 samsung phones?'],0.0,1.0,0.0,0.0,Neutral
222,['Unpacked: Watch the Samsung Galaxy Note9 launch live stream here!'],0.0,1.0,0.0,0.0,Neutral
223,['Samsung GALAXY Note 9 - Samsung va face EFORTURI MARI pentru a Creste Vanzarile'],0.0,1.0,0.0,0.0,Neutral
224,['Fortnite Mobile on Android gameplay before the Samsung Galaxy Note 9 launch'],0.0,1.0,0.0,0.0,Neutral
225,['First glimpse of Samsung Galaxy watch in black!'],0.0,1.0,0.0,0.0,Neutral
226,['First glimpse of Samsung Galaxy watch in black!'],0.0,1.0,0.0,0.0,Neutral
227,['Samsung GALAXY NOTE 9 - LIVE VIDEO cu Noutatile Anuntate la Lansarea din New York'],0.0,1.0,0.0,0.0,Neutral
228,"[""While we wait for Galaxy Unpacked, I thought I'd revisit my favorite Samsung (Swarovski for Note 4) ad. I'm ready to let my Note 4 go after four years!""]",0.0,0.812,0.188,0.188,Positive
229,['S4 tab vs ipad pro for handwriting']--,0.0,1.0,0.0,0.0,Neutral
230,"['SAMSUNG GALAXY NOTE 9: PRET, LANSARE SI SPECIFICATII | iDevice.ro']",0.0,1.0,0.0,0.0,Neutral
231,['Samsung Galaxy Note 9 launches']------,0.0,1.0,0.0,0.0,Neutral
232,['Fortnite for android ( Samsung galaxy apps)'],0.0,1.0,0.0,0.0,Neutral
233,['Fortnite for Android is launching today exclusively on recent Samsung Galaxy devices'],0.0,1.0,0.0,0.0,Neutral
234,['Samsung Galaxy Note 9 Live Launched event'],0.0,0.769,0.231,0.231,Positive
235,['Samsung Tab 4 vs Samsung S4 Tab']-----,0.0,1.0,0.0,0.0,Neutral
236,['Samsung is partnering with Spotify across its devices'],0.0,1.0,0.0,0.0,Neutral
237,['SAMSUNG GALAXY S9 ARE VANZARI INCREDIBIL DE MICI | iDevice.ro'],0.0,1.0,0.0,0.0,Neutral
238,['Samsung GALAXY Note 9 - PRETUL OFICIAL a fost Anuntat si pentru Romania'],0.0,1.0,0.0,0.0,Neutral
239,['How To Root Samsung Galaxy Ace GT-S5830 Free Download'],0.0,0.708,0.292,0.292,Positive
240,['UrAvgConsumer-- Samsung Galaxy Note 9 - The Power is Back!'],0.0,1.0,0.0,0.0,Neutral
241,"[""The Samsung Galaxy Note 9 is a bargain at $1250. Here's why.""]",0.0,0.833,0.167,0.167,Positive
242,['SAMSUNG GALAXY NOTE 9: PRIMELE HANDS-ON VIDEO | iDevice.ro'],0.0,1.0,0.0,0.0,Neutral
243,['Samsung Galaxy Note 9 official trailer'],0.0,1.0,0.0,0.0,Neutral
244,"[""I can't wait for the new Samsung Home speaker :D""]",0.0,1.0,0.0,0.0,Neutral
245,['Samsung launches new Apple Watch rivals with the sleek Galaxy Watch (15 sources)'],0.0,1.0,0.0,0.0,Neutral
246,['Samsung launches new Apple Watch rivals with the sleek Galaxy Watch (15 sources)'],0.0,1.0,0.0,0.0,Neutral
247,['Galaxy S9+ crashes car radio']--------,0.0,1.0,0.0,0.0,Neutral
248,['Samsung unpacked cheesy music']-------,0.0,1.0,0.0,0.0,Neutral
249,['Samsung Gear app for Android']--------,0.0,1.0,0.0,0.0,Neutral
250,['Front Facing Camera?']----------------,0.0,1.0,0.0,0.0,Neutral
251,['Anyone done Samsung upgrade before? How was your experience?'],0.0,1.0,0.0,0.0,Neutral
252,['Do not buy through Samsung Direct']---,0.0,1.0,0.0,0.0,Neutral
253,['Unidays']-----------------------------,0.0,1.0,0.0,0.0,Neutral
254,['Note 9 pre order']--------------------,0.0,1.0,0.0,0.0,Neutral
255,['Received the Pre Order Email from Samsung'],0.0,1.0,0.0,0.0,Neutral
256,['Samsung Duo Wireless charger!']-------,0.0,1.0,0.0,0.0,Neutral
257,"['Gear Fit S3 correctly shows auto-detected bicycle ride time of 45 minutes, then updates it to 10 minutes after the ride']",0.0,0.889,0.111,0.111,Positive
258,['Want an S9+ but its hard to get rid of this pixel'],0.127,0.873,0.0,-0.127,Negative
259,['Buying a used samsung gear s3']-------,0.0,1.0,0.0,0.0,Neutral
260,"[""So, my Samsung J7 Prime's unlock button works to unlock the phone once and then to lock it, but doesn't unlock after! WHATS WRONG""]",0.0,1.0,0.0,0.0,Neutral
261,['Updated my Pixel2 to Pie. Now my Gear S3 uninstalled Samsung Pay. Did anyone faces the same issue?'],0.076,0.924,0.0,-0.076,Negative
262,['Canadian Samsung Galaxy Watch LTE Version'],0.0,1.0,0.0,0.0,Neutral
263,['How to get the samsung fornite skin?'],0.0,1.0,0.0,0.0,Neutral
264,['Next Samsung Galaxy premium mini tablet'],0.0,1.0,0.0,0.0,Neutral
265,"['Samsung offering $300 trade in for an LG G6, and only $200 for a V30. Also $200 for a G5. Does this make sense to anyone?']",0.0,1.0,0.0,0.0,Neutral
266,['[Discussion] Passive Shazam']---------,0.0,0.526,0.474,0.474,Positive
267,['How to send images in a text message without shrinking the file size?'],0.0,1.0,0.0,0.0,Neutral
268,"['""android optimizing app 1 of 1""']-----",0.0,0.571,0.429,0.429,Positive
269,['Samsung gear watch']------------------,0.0,1.0,0.0,0.0,Neutral
270,"['Samsung Galaxy Note 9 Launched | Full Specifications, Price and Everything you need to know']",0.0,0.889,0.111,0.111,Positive
271,['ƒê√°nh gi√° Samsung Galaxy J7 Prime: Thi·∫øt k·∫ø ƒë·∫πp v√† hi·ªáu nƒÉng t·ªët'],0.0,1.0,0.0,0.0,Neutral
272,['I love Samsung']----------------------,0.0,0.323,0.677,0.677,Positive
273,['SAMSUNG GALAXY NOTE 9 E INTRECUT DE IPHONE X IN PERFORMANTE | iDevice.ro'],0.0,1.0,0.0,0.0,Neutral
274,['Samsung Galaxy Note 9: Fortnite fans are obsessed with pricey new phone'],0.134,0.866,0.0,-0.134,Negative
275,"['Samsung GALAXY Home - Boxa Inteligenta, dar URATA a fost Prezentata (VIDEO)']",0.0,1.0,0.0,0.0,Neutral
276,['Listen To Your Customers. They Will Tell You All About samsung note 9'],0.0,1.0,0.0,0.0,Neutral
277,['Galaxy Note 9 Review : Samsung Galaxy Note 9 Full Quick Review'],0.0,1.0,0.0,0.0,Neutral
278,['Samsung Galaxy Note9 Pre-Orders are Live in USA With Bundle Offer'],0.0,1.0,0.0,0.0,Neutral
279,['Samsung GALAXY X are Lansarea GRABITA de Samsung din cauza Companiei Huawei'],0.0,1.0,0.0,0.0,Neutral
280,['Samsung fortnite!']-------------------,0.0,1.0,0.0,0.0,Neutral
281,['What happened to my note 4?']---------,0.0,1.0,0.0,0.0,Neutral
282,['best samsung smart tv 32 inch T32E390SX 1080p HD LED LCD'],0.0,0.787,0.213,0.213,Positive
283,['Samsung Galaxy J3 mic not working']---,0.0,1.0,0.0,0.0,Neutral
284,['Samsung Upgrade Program Financing']---,0.0,1.0,0.0,0.0,Neutral
285,['Samsung GALAXY Note 9 - PRETUL ne Arata cat de LACOMA este Apple cu iPhone X'],0.0,1.0,0.0,0.0,Neutral
286,['Samsung and Spotify in a relationship'],0.0,1.0,0.0,0.0,Neutral
287,"[""Thinking of getting Samsung Galaxy S8, how's it?""]",0.0,1.0,0.0,0.0,Neutral
288,['19% off Samsung POWERbot Star Wars Limited Edition ‚Äì Darth Vader'],0.407,0.593,0.0,-0.407,Negative
289,['BestBuy Preorder Question']-----------,0.0,1.0,0.0,0.0,Neutral
290,['Samsung Finance Refund Note 9']-------,0.0,1.0,0.0,0.0,Neutral
291,['samsung galaxy note 9 unboxing Giveaway ‡§π‡§ø‡§Ç‡§¶‡•Ä üî•üî•üî•'],0.0,1.0,0.0,0.0,Neutral
292,['Everything that was announced in Samsung Unpacked'],0.0,1.0,0.0,0.0,Neutral
293,['How to Install Fortnite on Samsung Phones (S7 and newer)'],0.0,1.0,0.0,0.0,Neutral
294,"['Samsung GALAXY Note 9 vs Note 8 - Samsung iti Arata Diferentele, in caz ca nu le Gaseai']",0.0,1.0,0.0,0.0,Neutral
295,"['[QUESTION] Will Galaxy A,C Series support Fortnite in future ?']",0.0,0.769,0.231,0.231,Positive
296,"['Samsung Galaxy Note 9 India Price Revealed, Pre-Bookings Now Live']",0.0,1.0,0.0,0.0,Neutral
297,['Samsung Galaxy Core Duos I8262 Stock Rom Download'],0.0,1.0,0.0,0.0,Neutral
298,['Samsung Galaxy Core GT-I8260 Stock Rom Free Download'],0.0,0.68,0.32,0.32,Positive
299,['Samsung Galaxy Note 9 vs Apple iPhone X Day Light Camera Comparison'],0.0,1.0,0.0,0.0,Neutral
300,['Samsung premium care claim']----------,0.0,0.484,0.516,0.516,Positive
301,['Why aren‚Äôt a lack of updates a deal breaker for Samsung phone buyers?'],0.187,0.813,0.0,-0.187,Negative
302,['Samsung Unpacked 2018 in 12 Minutes']-,0.0,1.0,0.0,0.0,Neutral
303,"['I‚Äôve been looking at the Note 9 and have been intrigued, however I have some concerns']",0.0,1.0,0.0,0.0,Neutral
304,['Samsung going gard']------------------,0.0,1.0,0.0,0.0,Neutral
305,"['Samsung Galaxy Note 9 ‚Äì Heavier, New Colours and New Fingerprint Scanner Placement']",0.0,1.0,0.0,0.0,Neutral
306,['Since the website doesn‚Äôt tell me *exactly* what US service providers work on unlocked Samsung phones?'],0.0,1.0,0.0,0.0,Neutral
307,['Note 9 pre-order bonus']--------------,0.0,1.0,0.0,0.0,Neutral
308,['Is anyone having issues preordering the Note 9?'],0.0,1.0,0.0,0.0,Neutral
309,['Do You Want the Hottest New Samsung']-,0.0,0.822,0.178,0.178,Positive
310,['Samsung not holding back']------------,0.0,1.0,0.0,0.0,Neutral
311,"['just bought the s9, what tips do i need to know']",0.0,1.0,0.0,0.0,Neutral
312,['Samsung Galaxy Watch features with a non Samsung product'],0.0,1.0,0.0,0.0,Neutral
313,['Issues with Note 8 battery']----------,0.0,1.0,0.0,0.0,Neutral
314,['Samsung Galaxy Note 9 performance on Geekbench 4'],0.0,1.0,0.0,0.0,Neutral
315,['Note 9 pre order on Amazon and B&amp;H (free wireless duo charger + dex dock)'],0.0,0.876,0.124,0.124,Positive
316,['Samsung pay not working on gear s3']--,0.189,0.811,0.0,-0.189,Negative
317,['Cheapest Way to Buy a Samsung Galaxy Note 9 (Complete with Step by Step Instructions)'],0.0,1.0,0.0,0.0,Neutral
318,['Would anyone with the new Galaxy Note 9 or new S4 Tab be able to help me (a non samsung user)'],0.0,0.876,0.124,0.124,Positive
319,['Samsung Galaxy S6 battery issues - battery drains in 2-3 hours.'],0.0,1.0,0.0,0.0,Neutral
320,['Samsung Galaxy J8 battery draining.']-,0.0,1.0,0.0,0.0,Neutral
321,['The big Samsung galaxy S9 plus Review'],0.0,1.0,0.0,0.0,Neutral
322,['[PSA] For those who rely on KNOX secured applications be careful buying a used KNOX enabled device on the used market.'],0.0,0.807,0.193,0.193,Positive
323,['Samsung GALAXY Note 9 - iPhone X este IRONIZAT in mod STUPID de Samsung (VIDEO)'],0.273,0.727,0.0,-0.273,Negative
324,['Samsung Galaxy Note 9 vs Apple iPhone X Night Time Camera Comparison'],0.0,1.0,0.0,0.0,Neutral
325,['hi guys im new to the samsung ecosystem. Where do u guys normally download music safely for free?'],0.0,0.833,0.167,0.167,Positive
326,['Suspicious fault on two Galaxy Core Prime phones [Discussion]'],0.252,0.748,0.0,-0.252,Negative
327,['Everything you need to know about the Note 9 and Samsung Unpacked'],0.0,1.0,0.0,0.0,Neutral
328,['Need help']---------------------------,0.0,1.0,0.0,0.0,Neutral
329,['Very much annoyed concierge member unable to pre-order Note9'],0.245,0.755,0.0,-0.245,Negative
330,['OnePlus 6 or Samsung S9+']------------,0.0,1.0,0.0,0.0,Neutral
331,['A5 2k17 Bluetooth problems...']-------,0.0,1.0,0.0,0.0,Neutral
332,['Samsung Galaxy S9+ Recording problem'],0.0,1.0,0.0,0.0,Neutral
333,['Samsung galaxy a5 vibrates on silent when receiving texts'],0.0,1.0,0.0,0.0,Neutral
334,['Things you missed abou samsung galaxy note 9'],0.239,0.761,0.0,-0.239,Negative
335,['QuckCharge 2.0 Insufficient']---------,0.0,1.0,0.0,0.0,Neutral
336,['Samsung S9+Ads']----------------------,0.0,1.0,0.0,0.0,Neutral
337,['Samsung once again mocks Apple in new Ingenius ads with Note9 - GeeksDirt'],0.214,0.786,0.0,-0.214,Negative
338,['Samsung Job in Best Buy?']------------,0.0,0.488,0.512,0.512,Positive
339,"['""Samsung Galaxy Note 9 - What\'s Wrong With People?""']",0.341,0.659,0.0,-0.341,Negative
340,['Should I Switch to the S9+ or Note 9?'],0.0,1.0,0.0,0.0,Neutral
341,['How to stop ‚ÄúTV Plus‚Äù app from showing up in Samsung Smart TV dock?'],0.13,0.71,0.16,0.03,Positive
342,"[""Problem with Smart TV from Samsung. No external cracks, but seem like internal cracks. Could this be because I haven't connected the cable to the TV? Please help ASAP.""]",0.044,0.635,0.32,0.276,Positive
343,['Everything you need to know Note 9 and Samsung Unpacked'],0.0,1.0,0.0,0.0,Neutral
344,['How much does it cost to have a S9 sent back for repairs to Samsung'],0.0,1.0,0.0,0.0,Neutral
345,['Note 9 promotions']-------------------,0.0,1.0,0.0,0.0,Neutral
346,['My S6 edge isn‚Äôt working']------------,0.0,1.0,0.0,0.0,Neutral
347,['My S6 edge isn‚Äôt working']------------,0.0,1.0,0.0,0.0,Neutral
348,['When Even iPhone Accessories Work Better with Samsung'],0.0,0.707,0.293,0.293,Positive
349,['Want a wireless charger for both my S8+ and my Gear S2'],0.0,1.0,0.0,0.0,Neutral
350,"[""This is petty, but I'm skipping the Note 9 due to the colors.""]",0.113,0.887,0.0,-0.113,Negative
351,['(Help)Samsung Keyboard missing from my device.'],0.306,0.694,0.0,-0.306,Negative
352,['Galaxy Home not coming to the UK this year + more on Bixby UK English'],0.0,1.0,0.0,0.0,Neutral
353,['Took this with Samsung S9 + in a moving car! This camera is insane!'],0.0,1.0,0.0,0.0,Neutral
354,['On the left when you win a competition with samsung for the new products. On the right when realised you didnt win anything...'],0.0,0.725,0.275,0.275,Positive
355,['Samsung note 9 colors USA']-----------,0.0,1.0,0.0,0.0,Neutral
356,['questions for Samsung watch owners.']-,0.0,1.0,0.0,0.0,Neutral
357,['Note 9 Fortnite Skin']----------------,0.0,1.0,0.0,0.0,Neutral
358,"['Samsung Note 9 ""Competition Winner""']-",0.0,1.0,0.0,0.0,Neutral
359,['Are T-Mobile stores selling the Note 9 already?'],0.0,1.0,0.0,0.0,Neutral
360,['Samsung GALAXY S10 va fi LANSAT cu SURPRIZELE ce n-au mai Ajuns in GALAXY Note 9'],0.0,1.0,0.0,0.0,Neutral
361,"[""Is there any reason why Samsung Pass doesn't work for rooted users?""]",0.0,1.0,0.0,0.0,Neutral
362,['Help Needed for Galaxy S9 - 64GB or Unlocked 128/256GB?'],0.0,1.0,0.0,0.0,Neutral
363,['Pre ordered note9']-------------------,0.0,1.0,0.0,0.0,Neutral
364,['Are the Samsung apps on the Note 9 DPI aware?'],0.0,1.0,0.0,0.0,Neutral
365,"[""Why can't I buy samsung tab s4 in Serbia??""]",0.0,1.0,0.0,0.0,Neutral
366,['Question about Samsung Galaxy Watch / Fit App.'],0.0,0.706,0.294,0.294,Positive
367,['Samsung GALAXY Note 9 - Oferta in care Cumperi unul si Primesti unul GRATUIT'],0.0,0.775,0.225,0.225,Positive
368,['Can I upload multiple files at once? - New Samsung Tab S4 owner'],0.0,1.0,0.0,0.0,Neutral
369,['Upgrade Programme UK']----------------,0.0,1.0,0.0,0.0,Neutral
370,['Will the S10/S10+ have 2 versions with different CPUs?'],0.0,1.0,0.0,0.0,Neutral
371,['Samsung Galaxy Note9 India / Exynos Telegram Group'],0.0,1.0,0.0,0.0,Neutral
372,['Note 9 Fortnite exclusive is beyond retarded'],0.0,0.769,0.231,0.231,Positive
373,"['17% off Samsung Gear S3 Frontier Smartwatch (Bluetooth), SM-R760NDAAXAR ‚Äì US Version with Warranty']",0.0,1.0,0.0,0.0,Neutral
374,['Samsung s8 led case NFC functionality'],0.47,0.53,0.0,-0.47,Negative
375,['My Samsung galaxy j7 duo shows me this screen. What does it mean? Will it boot up? help me please.'],0.0,0.861,0.139,0.139,Positive
376,['Samsung tab s4']----------------------,0.0,1.0,0.0,0.0,Neutral
377,['Has anyone found a way to uninstall all the SAMSUNG apps on their phone or tablets?'],0.0,1.0,0.0,0.0,Neutral
378,['Samsung Wallet Case For Note9?']------,0.0,1.0,0.0,0.0,Neutral
379,['Reseting Knox status using flashfire or any other method ?'],0.0,1.0,0.0,0.0,Neutral
380,['Samsung Galaxy S7 Smartphones Vulnerable to Hacking: Researchers - OMG News Today'],0.16,0.84,0.0,-0.16,Negative
381,['Samsung Financing']-------------------,0.0,1.0,0.0,0.0,Neutral
382,['Samsung FInancing not showing in Payment option'],0.0,1.0,0.0,0.0,Neutral
383,['Best Preorder/Promotion for Note 9?']-,0.0,1.0,0.0,0.0,Neutral
384,"[""How do I make my pictures be transferred from oldest to newest, from my Samsung Galaxy S7's phone storage to my SD card?""]",0.0,1.0,0.0,0.0,Neutral
385,['Do you need the dex dock to enable the desktop experience? Can i just plug the phone in with a monitor to get that?'],0.0,1.0,0.0,0.0,Neutral
386,['Leaking Samsung Refrigerator']--------,0.0,1.0,0.0,0.0,Neutral
387,['Samsung Galaxy Watch.']---------------,0.0,1.0,0.0,0.0,Neutral
388,['Moving from Galaxy S5 ??']------------,0.0,1.0,0.0,0.0,Neutral
389,['Samsung Galaxy Watch Pre-Order']------,0.0,1.0,0.0,0.0,Neutral
390,['Samsung Pay with PayPal']-------------,0.318,0.682,0.0,-0.318,Negative
391,['Samsung Galaxy Watch Pre-Order']------,0.0,1.0,0.0,0.0,Neutral
392,['Note8 user disappointed on software updates'],0.383,0.617,0.0,-0.383,Negative
393,['J7 screen flikering']-----------------,0.0,1.0,0.0,0.0,Neutral
394,"[""Are there any American carriers that use Samsung's built in voicemail instead of their own voicemail app?""]",0.0,1.0,0.0,0.0,Neutral
395,['Galaxy Home: Samsung finally unveils its smart speaker - Video | ZDNet'],0.0,0.769,0.231,0.231,Positive
396,['Samsung Galaxy Note 9 First Impressions From an iPhone User'],0.0,0.808,0.192,0.192,Positive
397,"['Samsung internet VS Firefox, what do you prefer the most?']",0.0,1.0,0.0,0.0,Neutral
398,['What are your preferred adblocks for Samsung internet?'],0.0,1.0,0.0,0.0,Neutral
399,['Samsung J5 full of dead pixels overnight'],0.417,0.583,0.0,-0.417,Negative
400,['Samsung GALAXY S10 va fi Lansat FARA o Functie MAJORA Asteptata de MULTA Lume'],0.0,1.0,0.0,0.0,Neutral
401,"['Samsung Galaxy J8 2018 price, full specification']",0.0,1.0,0.0,0.0,Neutral
402,"['$200 off Samsung SM-N950UZKAXAA Galaxy Note8 (US Version) Factory Unlocked Phone - 6.3"" Screen - 64GB - Midnight Black (U.S. Warranty)']",0.0,1.0,0.0,0.0,Neutral
403,['Samsung vrea sa INCHIDA o Fabrica de Telefoane Mobile din cauza Vanzarilor Slabe'],0.0,1.0,0.0,0.0,Neutral
404,['Firmware upgrade encountered an issue??'],0.0,1.0,0.0,0.0,Neutral
405,['Samsung GALAXY S9 - CONTRADICTII la Samsung privind Vanzarile in Primele Luni'],0.0,1.0,0.0,0.0,Neutral
406,['Meet Samsung Galaxy Note 9 - This Phone Has Everything You Need'],0.0,1.0,0.0,0.0,Neutral
407,['Could you please sign this petition']-,0.0,0.685,0.315,0.315,Positive
408,['Meet Samsung Galaxy Note 9 - This Phone Has Everything You Need https://www.yourtechshow.com/2018/08/samsung-galaxy-note-9-all-you-need-to.html'],0.0,1.0,0.0,0.0,Neutral
409,['Meet Samsung Galaxy Note 9 - This Phone Has Everything You Need'],0.0,1.0,0.0,0.0,Neutral
410,['WhatApp Notifications']---------------,0.0,1.0,0.0,0.0,Neutral
411,['It is great they have a Note 9 and Galaxy watch coming but how about you guys fix the Gear S3 with Pie!'],0.0,0.876,0.124,0.124,Positive
412,"['Samsung GALAXY S10 - EXCLUSIV, Primele Detalii despre Noua Camera TRIPLA']",0.0,1.0,0.0,0.0,Neutral
413,['Everything you need to kmow about the note 9 and Samsung Unpacked'],0.0,1.0,0.0,0.0,Neutral
414,['Just got a Samsung Tab S3 and...']----,0.0,1.0,0.0,0.0,Neutral
415,"[""I locked myself out of my phone; here's how I fixed it""]",0.0,1.0,0.0,0.0,Neutral
416,['Samsung Flow is no longer compatible with my PC'],0.216,0.784,0.0,-0.216,Negative
417,['Are Samsung android updates late?']---,0.0,1.0,0.0,0.0,Neutral
418,['Tizen OS']----------------------------,0.0,1.0,0.0,0.0,Neutral
419,['Sim card message transfers']----------,0.0,1.0,0.0,0.0,Neutral
420,['Question about trade in program']-----,0.0,1.0,0.0,0.0,Neutral
421,['Samsung Gear IconX - current and future'],0.0,1.0,0.0,0.0,Neutral
422,['samsung s9 and samsung internet browser'],0.0,1.0,0.0,0.0,Neutral
423,['Should i buy the Note 9?']------------,0.0,1.0,0.0,0.0,Neutral
424,['Mother lost her password to her S2 tablet. Anyway to access media without factory reset?'],0.141,0.859,0.0,-0.141,Negative
425,['Samsung Galaxy S9 Plus c≈© gi·∫£m gi√° k·ªãch s√†n sau m√πa World Cup 2018'],0.0,1.0,0.0,0.0,Neutral
426,['Why is the samsung s8 only $450 with tmobile?'],0.0,1.0,0.0,0.0,Neutral
427,['Samsung GALAXY X - ANUNTUL foarte IMPORTANT facut de catre Compania Samsung'],0.0,0.78,0.22,0.22,Positive
428,['Fixed! Samsung Keyboard Has Stopped Issue'],0.305,0.695,0.0,-0.305,Negative
429,['Samsung Finance Question']------------,0.0,1.0,0.0,0.0,Neutral
430,"['Samsung GALAXY Note 9 - RECORD, are cel mai BUN Ecran pentru Smartphone']",0.0,1.0,0.0,0.0,Neutral
431,['Note 9 pre order gifts for Europe?']--,0.0,1.0,0.0,0.0,Neutral
432,['Why do samsung phones still have a bottom chin'],0.0,1.0,0.0,0.0,Neutral
433,"['What do you think about this review, is it fair or not?']",0.0,0.827,0.173,0.173,Positive
434,"['Samsung Eyes Young Buyers with Gaming, Music-Friendly Galaxy Note 9 - OMG News Today']",0.0,1.0,0.0,0.0,Neutral
435,['Samsung Galaxy Watch First Impressions vs Apple Watch'],0.0,0.787,0.213,0.213,Positive
436,"['New samsung gear update changes the app to ""Galaxy Wearable""']",0.0,1.0,0.0,0.0,Neutral
437,"[""Samsung dryer DV48J7770EW/A2 won't turn on""]",0.0,1.0,0.0,0.0,Neutral
438,['Samsung GALAXY Note 10 - Primele Informatii OFICIALE despre Noul Telefon'],0.0,1.0,0.0,0.0,Neutral
439,['Previously had a Note 4- hated it! Kept to the Apple ecosystem. I keep hearing things have changed with Samsung. Tell me why I should get a Note 9?'],0.158,0.842,0.0,-0.158,Negative
440,"['Thinking Of Getting My First Samsung Phone, Need Help Switching Over From Pixel 2 Xl And Project Fi']",0.0,0.856,0.144,0.144,Positive
441,['Samsung Galaxy A7 2016 bursts into flames beside the bed. (Taiwan)'],0.0,1.0,0.0,0.0,Neutral
442,['Level U Pro vs Level U Pro ANC']------,0.0,1.0,0.0,0.0,Neutral
443,['My Samsung Fast Charge Wireless Charger Convertible started to burn'],0.0,1.0,0.0,0.0,Neutral
444,['Samsung Iata ce PREMIERA MONDIALA a fost Anuntata de catre Compania Coreeana'],0.0,1.0,0.0,0.0,Neutral
445,['Level U Pro vs Level U Pro ANC']------,0.0,1.0,0.0,0.0,Neutral
446,['Rounded edges - why?']----------------,0.0,1.0,0.0,0.0,Neutral
447,['Not receiving any OTA updates']-------,0.0,1.0,0.0,0.0,Neutral
448,['Samsung galaxy note 9 unboxing first impressions and testimonials'],0.0,0.787,0.213,0.213,Positive
449,['Samsung 65MU8000 TV - one connect box not working'],0.0,1.0,0.0,0.0,Neutral
450,['Samsung stores lock carriers on phones?'],0.0,1.0,0.0,0.0,Neutral
451,['Can you get Samsung Premium Care for the Note 9 (and is it worth it?)'],0.0,0.702,0.298,0.298,Positive
452,['Memory Recovery?']--------------------,0.0,1.0,0.0,0.0,Neutral
453,['Best Wireless Chargers for Samsung Galaxy Note 9'],0.0,1.0,0.0,0.0,Neutral
454,['Everything you need to know about samsung note 9 and samsung unpacked'],0.0,1.0,0.0,0.0,Neutral
455,['Getting note 9 50% off through Samsung insight'],0.0,1.0,0.0,0.0,Neutral
456,['Need a Samsung tablet to mount in the wall for Action Tiles and Smartthings'],0.0,1.0,0.0,0.0,Neutral
457,['Samsung note 8 album art and playlists in Car'],0.0,1.0,0.0,0.0,Neutral
458,['How secure is secure folder?']--------,0.0,0.385,0.615,0.615,Positive
459,"['Samsung MUSIC app, counts in HEX!!']--",0.0,1.0,0.0,0.0,Neutral
460,['Package Disabler for Canada?']--------,0.0,1.0,0.0,0.0,Neutral
461,['Lost sensitivity in bottom of s6 screen please help'],0.0,0.777,0.223,0.223,Positive
462,['S8 charger cord that works--need recommendations'],0.0,1.0,0.0,0.0,Neutral
463,['How to force an update']--------------,0.0,1.0,0.0,0.0,Neutral
464,"['Shop Samsung ""Work Smarter, Play Harder"" offer not appearing in inbox']",0.0,0.625,0.375,0.375,Positive
465,"['I got this as a gift, is it a Samsung Tab 3? I‚Äôm guessing it is since I asked for it.']",0.0,0.854,0.146,0.146,Positive
466,['Samsung GALAXY X va fi LANSAT de catre Samsung Fara o Functie IMPORTANTA'],0.0,1.0,0.0,0.0,Neutral
467,['Does Samsung C8 support 5 GHz WiFi networks?'],0.0,0.69,0.31,0.31,Positive
468,['Anyone else having trouble preordering the Note 9 from the Samsung web page?'],0.197,0.803,0.0,-0.197,Negative
469,['5 Ways to Import Music to Samsung Galaxy Note 9'],0.0,1.0,0.0,0.0,Neutral
470,['3 Ways to Transfer Another Android Phone to Samsung Galaxy Note 9 - Syncios'],0.0,1.0,0.0,0.0,Neutral
471,['Save $100.98 (40%) on Samsung Gear S2 Smartwatch - Dark Gray (US Version)'],0.0,1.0,0.0,0.0,Neutral
472,['Slow s8']-----------------------------,0.0,1.0,0.0,0.0,Neutral
473,['I need some help...']-----------------,0.0,1.0,0.0,0.0,Neutral
474,['Help: GALAXY TAB A SM-T385 stock firmware aus'],0.0,1.0,0.0,0.0,Neutral
475,['S8 mobile data problem']--------------,0.0,1.0,0.0,0.0,Neutral
476,['Samsung Note 9 vs S9+ / iPhone X / OnePlus 6 Battery Life DRAIN TEST'],0.0,1.0,0.0,0.0,Neutral
477,['Question about the Samsung MU6100 smartv.'],0.0,1.0,0.0,0.0,Neutral
478,['So when will we get SE UI 9.5']-------,0.0,1.0,0.0,0.0,Neutral
479,['Note 9 and evernote']-----------------,0.0,1.0,0.0,0.0,Neutral
480,['Purchase Extended Warranty for Tab S4 After Purchase'],0.0,1.0,0.0,0.0,Neutral
481,['Samsung Gear Fit 2 Pro cracked']------,0.0,0.615,0.385,0.385,Positive
482,['Samsung taps Harman audio expertise for premium soundbar launch'],0.0,1.0,0.0,0.0,Neutral
483,['Samsung Screen Burn In']--------------,0.0,1.0,0.0,0.0,Neutral
484,['How do I trade in my iPhone for a Galaxy?'],0.0,1.0,0.0,0.0,Neutral
485,['Samsung Flow Not Working Solution [files Failed to send]'],0.429,0.571,0.0,-0.429,Negative
486,['videos and music keeps pausing']------,0.0,1.0,0.0,0.0,Neutral
487,['Samsung Keyboard needs a dark theme']-,0.0,1.0,0.0,0.0,Neutral
488,['Registered my email for the Note 9 release a few weeks ago and Samsung sent me 6.25k samsing pay reward points'],0.063,0.769,0.167,0.10400000000000001,Positive
489,"[""Can Anyone identify the Samsung on the far right of this picture? I can't seem to figure it out. Just here for the answer.""]",0.0,1.0,0.0,0.0,Neutral
490,['Is this email legit?']----------------,0.0,1.0,0.0,0.0,Neutral
491,"['If you pre-ordered the S9 or Tab S4, can you do a favor for me?']",0.0,0.828,0.172,0.172,Positive
492,['Note 9 promo deal not showing up']----,0.0,1.0,0.0,0.0,Neutral
493,['If I buy a Samsung S9+ in Canada would it work in the UK?'],0.0,1.0,0.0,0.0,Neutral
494,['Best Tempered Glass Screen Protector Samsung Note 9'],0.0,1.0,0.0,0.0,Neutral
495,['Note 9 v iPhone X (rly considering Note 9)'],0.0,1.0,0.0,0.0,Neutral
496,['Samsung Customer Service vs iPhone (had to vent)'],0.0,1.0,0.0,0.0,Neutral
497,['Samsung GALAXY Note 9 este UMILIT in Performante de catre iPhone X (VIDEO)'],0.0,1.0,0.0,0.0,Neutral
498,['Switched from Iphone x']--------------,0.0,1.0,0.0,0.0,Neutral
499,['Samsung Galaxy Note 9 Review: Lives up to the Hype'],0.0,1.0,0.0,0.0,Neutral
500,['120 hours with Samsung Galaxy Note 9: here are five note-worthy features'],0.0,1.0,0.0,0.0,Neutral
501,['Full screen gesture controls for Samsung Galaxy S9+?'],0.0,1.0,0.0,0.0,Neutral
502,['Any thoughts on buying the Samsung Galaxy A3 (2017)?'],0.0,1.0,0.0,0.0,Neutral
503,"['S7 edge: Continually getting a Samsung DM Service ""Checking device status..."" message']",0.0,1.0,0.0,0.0,Neutral
504,['Samsung GALAXY Note 9 Hands-On VIDEO Ne Aratao Posibila Prima Unitate REALA'],0.0,1.0,0.0,0.0,Neutral
505,['Samsung - LUX este Produsul SPECIAL ce va fi LANSAT in August cu Galaxy Note 9'],0.0,0.803,0.197,0.197,Positive
506,['The next Samsung Galaxy A series phone could have the triple camera and in-display fingerprint sensor'],0.0,1.0,0.0,0.0,Neutral
507,['Choosing a phone.']-------------------,0.0,1.0,0.0,0.0,Neutral
508,['Need more hdmi ports']----------------,0.0,1.0,0.0,0.0,Neutral
509,['Sound distortion issues with Samsung Galaxy Tab S3'],0.0,1.0,0.0,0.0,Neutral
510,['Gear VR 2016 compatibility']----------,0.0,1.0,0.0,0.0,Neutral
511,['Color settings changing']-------------,0.0,1.0,0.0,0.0,Neutral
512,['OneRemote/Bixby on Samsung UHD TVs - does speech-to-text searching work on YouTube or Netflix?'],0.0,1.0,0.0,0.0,Neutral
513,['Samsung Leak Suddenly Reveals Galaxy Note 9 Release'],0.286,0.714,0.0,-0.286,Negative
514,['Help with Instagram stories for samsung s7'],0.0,1.0,0.0,0.0,Neutral
515,"[""OMG, I didn't know this. Samsung phones amaze me every single day.""]",0.0,0.741,0.259,0.259,Positive
516,"[""What Samsung TV'S will get the Bixby 2.0 update?""]",0.0,1.0,0.0,0.0,Neutral
517,"['Samsung launches Galaxy On8 2018 With 6-inch Infinity Display, 4GB RAM, Dual Rear Camera in India']",0.0,1.0,0.0,0.0,Neutral
518,"[""Samsung added Disney's Frozen characters in AR emojis for Galaxy S9 series""]",0.0,1.0,0.0,0.0,Neutral
519,['How to Root Samsung Galaxy S Advance I9070 Download'],0.0,1.0,0.0,0.0,Neutral
520,['samsung galaxy note 9 leaked']--------,0.0,1.0,0.0,0.0,Neutral
521,['Repair of American S8 (SM-G950U1) cracked screen in Vietnam'],0.0,1.0,0.0,0.0,Neutral
522,['Samsung GALAXY Note 9 - Preturile FINALE ale Telefonului au fost Dezvaluite'],0.0,1.0,0.0,0.0,Neutral
523,['Samsung just leaked the Galaxy Tab S4.'],0.277,0.723,0.0,-0.277,Negative
524,['Our dog hates the Samsung logo!']-----,0.39,0.61,0.0,-0.39,Negative
525,"['Samsung GALAXY Tab S4 a fost LANSATA, Iata Specificatiile si Primele Imagini (VIDEO)']",0.0,1.0,0.0,0.0,Neutral
526,['How To Root Samsung S2 SGH-I777 At&amp;amp;T Download'],0.0,1.0,0.0,0.0,Neutral
527,['Samsung Galaxy Tab S4 officially announced.'],0.0,1.0,0.0,0.0,Neutral
528,['Is it possible to update a Samsung Galaxy A5 to Oreo 8.1?'],0.0,1.0,0.0,0.0,Neutral
529,['I bought the wrong case but it still fits'],0.204,0.796,0.0,-0.204,Negative
530,['Nicked S9+ display']------------------,0.0,1.0,0.0,0.0,Neutral
531,['In the process of moving my dog ran into my house and stepped on my Samsung 4k tv'],0.0,1.0,0.0,0.0,Neutral
532,['S9+ puncure crack']-------------------,0.0,1.0,0.0,0.0,Neutral
533,"[""Can't move photos to SD card""]--------",0.0,1.0,0.0,0.0,Neutral
534,"[""S9+ samsung account backup won't fit (because I have a lot of music I don't want backed up).""]",0.269,0.731,0.0,-0.269,Negative
535,['When should I expect to receive a Note 9 if on a Reserved List?'],0.0,1.0,0.0,0.0,Neutral
536,"[""With recent S7 software update, my messages notifications go away even when I haven't read them""]",0.0,1.0,0.0,0.0,Neutral
537,['T-Mobile S9+ - Awesome battery life!'],0.0,0.477,0.523,0.523,Positive
538,['Samsung MU6290 TV Bluetooth Question'],0.0,1.0,0.0,0.0,Neutral
539,['Help Needed:Move from Iphone to Samsung'],0.0,1.0,0.0,0.0,Neutral
540,['How to bypass lock code on Samsung flip phone?'],0.0,1.0,0.0,0.0,Neutral
541,['Cannot unlock the S7 swipe screen']---,0.0,1.0,0.0,0.0,Neutral
542,"['Samsung Galaxy Tab A 10.5"" is a budget-friendly Android 8.1 Oreo tablet']",0.0,1.0,0.0,0.0,Neutral
543,['Samsung GALAXY S10 Concept ARATA Telefonul la care Fanii Samsung VISEAZA (VIDEO)'],0.0,0.775,0.225,0.225,Positive
544,"[""Samsung ends Xiaomi's six-month reign as India's top smartphone brand""]",0.0,0.833,0.167,0.167,Positive
545,['Samsung Galaxy On8 (2018) Price in India Revealed'],0.0,1.0,0.0,0.0,Neutral
546,['How to recover and view notes from my S7 on my computer or iPhone'],0.0,1.0,0.0,0.0,Neutral
547,['Can Samsung replace my phone for free for this issue?'],0.0,0.732,0.268,0.268,Positive
548,['Running a phone without battery? (Galaxy A3 2016)'],0.0,1.0,0.0,0.0,Neutral
549,"['Samsung GALAXY X: EXCLUSIV, PRETUL UIMITOR de MARE pe care-l va Cere Samsung']",0.0,1.0,0.0,0.0,Neutral
550,"['Samsung Galaxy Tab S3 9.7-Inch, 32GB Tablet (Black, SM-T820NZKAXAR) is $100 off']",0.0,1.0,0.0,0.0,Neutral
551,['Bixby voice is not working']----------,0.0,1.0,0.0,0.0,Neutral
552,['Samsung GALAXY Note 9: PRECOMENZILE au fost DESCHISE de catre Compania Samsung'],0.0,1.0,0.0,0.0,Neutral
553,['Battery life of Galaxy phones']-------,0.0,1.0,0.0,0.0,Neutral
554,['Samsung Galaxy Note 9 Official Teaser'],0.0,1.0,0.0,0.0,Neutral
555,"['Refurbished: Samsung 6 Series UN65MU6500 65"" 2160p UHD LED LCD Internet TV for $679.99/-47%']",0.0,1.0,0.0,0.0,Neutral
556,['Samsung Galaxy Note 9 will cost the same as Note 8 - Android Hire'],0.0,1.0,0.0,0.0,Neutral
557,['Samsung Galaxy Note 9 will cost the same as Note 8'],0.0,1.0,0.0,0.0,Neutral
558,"[""Samsung pretends to be different than Apple... but really they're worse""]",0.107,0.893,0.0,-0.107,Negative
559,['Help resetting S8']-------------------,0.0,1.0,0.0,0.0,Neutral
560,['Update for One Hand Operation +']-----,0.0,0.61,0.39,0.39,Positive
561,['Auto Create Stories']-----------------,0.0,0.488,0.512,0.512,Positive
562,['Note 9 leaks on Samsung New Zealand site.'],0.0,1.0,0.0,0.0,Neutral
563,['Samsung home cinema questions....']---,0.0,1.0,0.0,0.0,Neutral
564,['Samsung experience launcher vs nova launcher'],0.0,1.0,0.0,0.0,Neutral
565,['Samsung Galaxy Note 4 keeps restarting by itself'],0.0,1.0,0.0,0.0,Neutral
566,['How to fix ‚Äòcamera failed‚Äô on Samsung Galaxy devices - Syncios Manager for iOS &amp; Android'],0.0,1.0,0.0,0.0,Neutral
567,['Samsung Note8 touch screen unresponsive'],0.0,1.0,0.0,0.0,Neutral
568,['Ki·∫øn th·ª©c c·∫ßn c√≥ tr∆∞·ªõc khi thay m√†n h√¨nh Samsung Galaxy J7 Prime'],0.0,1.0,0.0,0.0,Neutral
569,['Samsung GALAXY X FORTEAZA Apple sa LANSEZE un iPhone cu Adevarat REVOLUTIONAR'],0.0,1.0,0.0,0.0,Neutral
570,['Samsung Released Unbroken OLED Panel'],0.0,1.0,0.0,0.0,Neutral
571,['Note 9 leaked by Samsung New Zealand YouTube channel.'],0.247,0.753,0.0,-0.247,Negative
572,['Help on an overscan issue?']----------,0.0,1.0,0.0,0.0,Neutral
573,['Samsung unveiled Tab S4 &amp;#038; Tab A 2018'],0.0,1.0,0.0,0.0,Neutral
574,['Samsung Galaxy Note 9 Introduction Video'],0.0,1.0,0.0,0.0,Neutral
575,"['Samsung Galaxy A5 A520F 64GB 3GB Ram, 16MP Rear Cameras / 16MP Front, CPU Octa-Core 1.9 GHz, Exynos 7880 Octa, Dust Water Proof, 5.2"" Display, Gold with 1 Year Warranty']",0.0,1.0,0.0,0.0,Neutral
576,['Who should get the Note 9 - Are you interested in upgrading to Note 9?'],0.0,0.816,0.184,0.184,Positive
577,['Leaked: the Samsung Galaxy Note9 is a super power'],0.0,0.642,0.358,0.358,Positive
578,"[""Samsung Borrows from Chinese Playbook in Battle for India's Smartphone Market - OMG News Today""]",0.167,0.833,0.0,-0.167,Negative
579,['Samsung GALAXY Note 7 a fost STERS COMPLET din Istoria Companiei Samsung (VIDEO)'],0.0,1.0,0.0,0.0,Neutral
580,['Samsung put out small Update for Note 4 with newer security patch and battery life/stability improvements'],0.0,0.854,0.146,0.146,Positive
581,"['What do the Galaxy Notes do? And what‚Äôs the difference from the normal galaxy phones eg s6,7,8,9?']",0.0,1.0,0.0,0.0,Neutral
582,['Samsung GALAXY Note 9 Clipul Video OFICIAL de LANSARE a fost Publicat de Samsung (VIDEO)'],0.0,1.0,0.0,0.0,Neutral
583,"[""How can I check a new phone isn's stolen?""]",0.0,1.0,0.0,0.0,Neutral
584,['Samsung GALAXY S10 - Acest Design NOU te va face sa-l CUMPERI IMEDIAT (VIDEO)'],0.0,1.0,0.0,0.0,Neutral
585,"['Samsung, are you listening?']---------",0.0,1.0,0.0,0.0,Neutral
586,['Samsung Gear S2 Smartwatch - Dark Gray is now $100.98 off'],0.0,1.0,0.0,0.0,Neutral
587,['Anyone else had problem with Samsung taking forever to send out a replacement device?'],0.184,0.816,0.0,-0.184,Negative
588,['GIVEAWAY üî•üî•üî• SAMSUNG Galaxy On8 Infinity Unboxing ‡§π‡§ø‡§Ç‡§¶‡•Ä'],0.0,1.0,0.0,0.0,Neutral
589,['Samsung leaked the Galaxy Note 9 Official Teaser and here it is..'],0.323,0.677,0.0,-0.323,Negative
590,"[""This is my Samsung Galaxy S7 Edge... The phone still works but as you can see it has no screen. How do I mirror this on to my PC so I can access the phone and connect it to syncshare? I also need to transfer or manually copy my Memos. If you can help in any way it's appreciated..""]",0.046,0.895,0.059,0.012999999999999998,Positive
591,['Move from iOS back to S8+ already loaded with data'],0.0,1.0,0.0,0.0,Neutral
592,"[""This icon keeps showing up on my Samsung smart LED tv, it just moves around the screen and I can't seem to remove it, it blocks content and is annoying. If anyone can tell me how to get rid of it I would appreciate it, thanks""]",0.092,0.8,0.108,0.016,Positive
593,"['What does the ""N"" do when you make it part of a contact\'s phone number in the Samsung Contacts app?']",0.0,0.933,0.067,0.067,Positive
594,"['Long time iPhone user looking to get a Samsung phone, any recommendations?']",0.0,1.0,0.0,0.0,Neutral
595,['Samsung Galaxy S10 and S10 plus']-----,0.0,1.0,0.0,0.0,Neutral
596,"['Samsung Tab A 10.1"" 2016']------------",0.0,1.0,0.0,0.0,Neutral
597,['Samsung Galaxy Note 9 OFFICIAL TRAILER!!!!'],0.0,1.0,0.0,0.0,Neutral
598,['Did anyone else notice that they got rid of a bunch of ways to redeem your samsung rewards? No more Visa cards and non-samsung gift cards.'],0.073,0.728,0.199,0.126,Positive
599,['Fortnite might be a Samsung Galaxy exclusive for 4 months'],0.0,0.824,0.176,0.176,Positive
600,['Can we talk about the absolutely horrible customer service ? I cant be the only one.'],0.226,0.774,0.0,-0.226,Negative
601,['Soundbar has incredibly low volume on Samsung tv'],0.255,0.745,0.0,-0.255,Negative
602,['Samsung tv crashing']-----------------,0.0,1.0,0.0,0.0,Neutral
603,['The next Samsung Galaxy A series phone could have the triple camera and in-display fingerprint sensor - GeeksDirt'],0.0,1.0,0.0,0.0,Neutral
604,"['Samsung GALAXY S9 - OFICIAL este un ESEC in Vanzari, dar NU din Cauza iPhone X']",0.0,1.0,0.0,0.0,Neutral
605,"['Note 8 owners, how has your phone held up? Considering switching back to Samsung but the experience of the S6 left a bad taste in my mouth.']",0.165,0.835,0.0,-0.165,Negative
606,['Samsung Galaxy S9 vs S9 Plus battery'],0.0,1.0,0.0,0.0,Neutral
607,['Samsung S8']--------------------------,0.0,1.0,0.0,0.0,Neutral
608,['Switching from IPhone to Samsung got questions. I need answers.'],0.0,1.0,0.0,0.0,Neutral
609,['Samsung NX3000: Samsung goes retro with its new affordable NX3000 mirrorless camera'],0.0,1.0,0.0,0.0,Neutral
610,['Trying to decide between the Galaxy A5 and the Galaxy A6 based on Android updates'],0.0,1.0,0.0,0.0,Neutral
611,['Samsung Insight Program']-------------,0.0,1.0,0.0,0.0,Neutral
612,['Download Android 4.4 For Samsung Galaxy S4 I9505 Free'],0.0,1.0,0.0,0.0,Neutral
613,['AKG Y50BT Bluetooth headphones on sale at Samsung for $50 USD'],0.0,1.0,0.0,0.0,Neutral
614,['How To Root Samsung Galaxy S4 GT-I9505 Free Download'],0.0,0.708,0.292,0.292,Positive
615,['Alternative assistant for Samsung S3 classic??'],0.0,1.0,0.0,0.0,Neutral
616,['White Moving Line at Bottom of Samsung TV'],0.0,1.0,0.0,0.0,Neutral
617,"['Are they broken? Or Samsung and non oem pretender lg charger, the same? Lg one kinda broken.']",0.178,0.822,0.0,-0.178,Negative
618,"['Save 17% on Samsung Chromebook 3, 11.6"", 4GB RAM, 16GB eMMC, Chromebook (XE500C13-K04US)']",0.0,1.0,0.0,0.0,Neutral
619,['I just got a Samsung s9 any tips or things I should download?'],0.0,1.0,0.0,0.0,Neutral
620,['Samsung Galaxy Tab A Unboxing Question'],0.0,1.0,0.0,0.0,Neutral
621,['How to turn off notifications from Samsung Smart TV (NU8000)?'],0.0,0.769,0.231,0.231,Positive
622,['Language on Samsung S9+ reset']-------,0.0,1.0,0.0,0.0,Neutral
623,['Unidays']-----------------------------,0.0,1.0,0.0,0.0,Neutral
624,"['Samsung S8 Active users, how do you like your phone?']",0.0,0.606,0.394,0.394,Positive
625,['Which MicroSD card should I purchase for my Samsung J5? Struggling'],0.0,1.0,0.0,0.0,Neutral
626,['Samsung GALAXY S10 - Primele 10 NOUTATI MAJORE Anuntate pentru Telefoanele Samsung'],0.0,1.0,0.0,0.0,Neutral
627,['yes! thank you samsung!!!!']----------,0.0,0.45,0.55,0.55,Positive
628,['thank you samsung!!!']----------------,0.0,1.0,0.0,0.0,Neutral
629,['Keyboard is not showing up in Lock Screen'],0.0,1.0,0.0,0.0,Neutral
630,['Samsung Repair Near Me']--------------,0.0,1.0,0.0,0.0,Neutral
631,"[""PSA: Disable Samsung's Customization Service in your Samsung Account settings if you have not already""]",0.0,1.0,0.0,0.0,Neutral
632,['Help My Samsung Galaxy A8 is not charging'],0.0,1.0,0.0,0.0,Neutral
633,['Samsung A lot can change in a day']---,0.0,1.0,0.0,0.0,Neutral
634,['Trouble with phone (possible waterdamage?)'],0.0,1.0,0.0,0.0,Neutral
635,['Samsung S7 suddenly not accepting my pattern'],0.267,0.733,0.0,-0.267,Negative
636,['Help: How to go about installing an updated operating system on a 2015 Samsung Smart TV?'],0.0,0.838,0.162,0.162,Positive
637,['How can some apps from my phone not be connected with my smart tv chromecast?'],0.0,0.838,0.162,0.162,Positive
638,"[""Samsung J3's display (not phone itself) keeps turning off.""]",0.0,1.0,0.0,0.0,Neutral
639,['S8 or S9']----------------------------,0.0,1.0,0.0,0.0,Neutral
640,['Help Displaying Message Sender']------,0.0,1.0,0.0,0.0,Neutral
641,['Android P for Galaxy users']----------,0.0,1.0,0.0,0.0,Neutral
642,['Samsung NU7100 DLNA support']---------,0.0,1.0,0.0,0.0,Neutral
643,"['Samsung GALAXY Note 9: OFICIAL, SPECIFICATIILE Finale Dezvaluite de un Telefon pus la Vanzare']",0.0,1.0,0.0,0.0,Neutral
644,"[""Samsung Suddenly 'Confirms' Massive Galaxy Note 9 Upgrade""]",0.0,1.0,0.0,0.0,Neutral
645,['How bad is Samsung at rolling out updates for their phones and how concerned should I be?'],0.189,0.811,0.0,-0.189,Negative
646,['Samsung just accidentally published the official Galaxy Note 9 intro video on YouTube!'],0.197,0.803,0.0,-0.197,Negative
647,"['Dear Samsung Galaxy S8 users, how are the included AKG earphones and do they work with iPhone?']",0.0,1.0,0.0,0.0,Neutral
648,['Samsung']-----------------------------,0.0,1.0,0.0,0.0,Neutral
649,['Truly wireless buds for Samsung S9 - discounted Jabra Elite Active 65t vs Gear IconX?'],0.0,0.755,0.245,0.245,Positive
650,['Samsung a Programat deja LANSAREA unui Produs NOU la Scurt Timp dupa GALAXY NOTE 9'],0.0,1.0,0.0,0.0,Neutral
651,"['Save $111.99 on Samsung Galaxy J7 Pro (32GB) J730G/DS - 5.5"" Full HD Dual SIM Unlocked Phone with Finger Print Sensor (US &amp; Latin 4G LTE) (Pink)']",0.0,1.0,0.0,0.0,Neutral
652,['Samsung GALAXY Note 9 va avea o Camera mai BUNA decat cea din GALAXY S9 Plus'],0.0,1.0,0.0,0.0,Neutral
653,['How reasonable is it to expect a pricedrop from various Samsung phones after August 9th 2018?'],0.0,1.0,0.0,0.0,Neutral
654,['Samsung Serenata']--------------------,0.0,1.0,0.0,0.0,Neutral
655,['Samsung Gear S3 battery life']--------,0.0,1.0,0.0,0.0,Neutral
656,['Summer Transfer confirmed: iPhone 6s Plus -&gt; Samsung S9+.'],0.0,1.0,0.0,0.0,Neutral
657,['Soundbar remote replacement: help!']--,0.0,1.0,0.0,0.0,Neutral
658,['Do newer Samsung models support call recording?'],0.0,0.69,0.31,0.31,Positive
659,"['Save $111.99 on Samsung Galaxy J7 Pro (32GB) J730G/DS - 5.5"" Full HD Dual SIM Unlocked Phone with Finger Print Sensor (US &amp; Latin 4G LTE) (Pink)']",0.0,1.0,0.0,0.0,Neutral
660,['Samsung galaxy Note 9 Box Leaks &amp; images Leaks !!!'],0.0,1.0,0.0,0.0,Neutral
661,['Samsung D500 Driver']-----------------,0.0,1.0,0.0,0.0,Neutral
662,['TIL Samsung UI is still called TouchWiz internally'],0.0,1.0,0.0,0.0,Neutral
663,['Why the iPhone is better than a Samsung'],0.0,0.674,0.326,0.326,Positive
664,['Does the Galaxy Note 9 have a flat screen?'],0.0,1.0,0.0,0.0,Neutral
665,"[""Users who've completed the Samsung Insights Program, how do you keep the device?""]",0.0,1.0,0.0,0.0,Neutral
666,['Looking for Samsung UN55KU6500 Apps That Might Allow Me to Rent and Stream Infinity War in 4K UHD'],0.179,0.734,0.087,-0.092,Negative
667,['Samsung Device Insights Referral']----,0.0,1.0,0.0,0.0,Neutral
668,['Preordering Note 9']------------------,0.0,1.0,0.0,0.0,Neutral
669,['Samsung GALAXY Note 9 - Iata Cadourile SUBSTANTIALE Oferite la Cumparare'],0.0,1.0,0.0,0.0,Neutral
670,['The Rose Gold Samsung Galaxy Watch Makes An Unexpected Appearance'],0.0,1.0,0.0,0.0,Neutral
671,['Getting my S9+ tomorrow! Any tips/tricks I should know? My last Samsung was the Note 5'],0.0,1.0,0.0,0.0,Neutral
672,['Samsung Galaxy S9 Plus']--------------,0.0,1.0,0.0,0.0,Neutral
673,['Samsung Galaxy A5/Google Photos']-----,0.0,1.0,0.0,0.0,Neutral
674,"['Help me get a Samsung S9 for my wife by using my promo code, it would be a great help.']",0.0,0.806,0.194,0.194,Positive
675,['Samsung Galaxy Note 8.0 gt-n5110 Not Charging'],0.0,1.0,0.0,0.0,Neutral
676,"[""How can I purchase the Samsung SM-G888? (I'm having trouble finding it)""]",0.213,0.787,0.0,-0.213,Negative
677,"['[Discussion] Looking to buy a Samsung watch, The Samsung S3 gear to be exact.']",0.0,1.0,0.0,0.0,Neutral
678,['Fastest Way to Get the Galaxy Tab S4'],0.0,1.0,0.0,0.0,Neutral
679,['Unlock Samsung Phone to use any network SIM at-Unlockninja'],0.0,1.0,0.0,0.0,Neutral
680,['Camera']------------------------------,0.0,1.0,0.0,0.0,Neutral
681,['Samsung GALAXY Note 9 - Preturile OFICIALE de LANSARE pentru Noul Telefon'],0.0,1.0,0.0,0.0,Neutral
682,['Samsung Galaxy S6 sending texts twice (sometimes)'],0.0,1.0,0.0,0.0,Neutral
683,['What should my next phone be?']-------,0.0,1.0,0.0,0.0,Neutral
684,['Tv language problems']----------------,0.0,1.0,0.0,0.0,Neutral
685,['How To Root Samsung Galaxy S4 SCH-I545 (Verizon) Download'],0.0,1.0,0.0,0.0,Neutral
686,['Fortnite Promo']----------------------,0.0,1.0,0.0,0.0,Neutral
687,['Looking to Jump ship from an Lg V20 to Samsung'],0.0,1.0,0.0,0.0,Neutral
688,['Samsung data transfer issues']--------,0.0,1.0,0.0,0.0,Neutral
689,['Switching from iPhone']---------------,0.0,1.0,0.0,0.0,Neutral
690,['Can we expect a refresh of the Tab A 10.1 with SPen to be announced on Thursday?'],0.0,1.0,0.0,0.0,Neutral
691,"[""What's the oldest Samsung smartphone brand that would still be considered Modern ?""]",0.0,1.0,0.0,0.0,Neutral
692,"['Samsung Galaxy S5: gives ""power sharing"" notification when phone is not connected to charger. In addition, USB charger does not work properly, sometimes not charging and sometimes doing slow charging']",0.0,0.912,0.088,0.088,Positive
693,['I just switched to Samsung and honestly feel sure of myself but want an undeniable answer. Are they separate or?'],0.0,0.769,0.231,0.231,Positive
694,['Samsung keeps trying to sync to the cloud more then I want - Constant notifications'],0.0,0.884,0.116,0.116,Positive
695,['Is my Phone broken?']-----------------,0.0,1.0,0.0,0.0,Neutral
696,"['Samsung Galaxy Note 9 Features , Price and Specifications | Gadgets Review']",0.0,1.0,0.0,0.0,Neutral
697,['Samsung Galaxy S8 Review: Stylish [Review] (2018)'],0.0,1.0,0.0,0.0,Neutral
698,['Has anyone else noticed these fake ads ? They are using a samsung Gear S3 and naming it something completely different.'],0.147,0.853,0.0,-0.147,Negative
699,"['46% off Samsung 21.5"" Screen LCD Monitor (S22E450B)']",0.0,1.0,0.0,0.0,Neutral
700,['Samsung Galaxy S9 Review: The Perfect Smartphone [Review] (2018)'],0.0,0.684,0.316,0.316,Positive
701,"[""Why there's not a single word for S9/S9+ android p release date? Samsung is going to delay again even with Treble?""]",0.129,0.871,0.0,-0.129,Negative
702,['Samsung GALAXY S9 OBLIGA Compania Samsung sa Anunte o Schimbare URIASA'],0.0,1.0,0.0,0.0,Neutral
703,['Please Samsung please....']-----------,0.0,1.0,0.0,0.0,Neutral
704,"['Sort Samsung mobiles with options like Trending, Latest, by Price and by features like Ram, Storage, Camera, Battery and more.']",0.0,0.783,0.217,0.217,Positive
705,['How does samsung pay work..?']--------,0.259,0.741,0.0,-0.259,Negative
706,"[""What are those Samsung 'stories'?""]---",0.0,1.0,0.0,0.0,Neutral
707,['Iata ce PROBLEMA GRAVA a fost Dezvaluita Astazi pentru Telefoanele Samsung'],0.0,1.0,0.0,0.0,Neutral
708,['Ipad usb cable on Samsung tablets?']--,0.0,1.0,0.0,0.0,Neutral
709,"[""My Samsung Galaxy J5 Prime's fingerprint sensor isn't responding.""]",0.0,1.0,0.0,0.0,Neutral
710,['Tip (Galaxy series (Android 7.0 +) required: Allow an app (both system and user apps) to play sound at the same time as other apps (Samsung SoundAssistant required (G. Play Store) and set individual volume levels for apps. For example: listen to a song on Spotify while watching a Youtube video'],0.0,0.873,0.127,0.127,Positive
711,['Screen locking. Samsung S7.']---------,0.0,1.0,0.0,0.0,Neutral
712,['Samsung A5 Moisture Warning']---------,0.0,1.0,0.0,0.0,Neutral
713,['Screensaver issue']-------------------,0.0,1.0,0.0,0.0,Neutral
714,['How to stop videos that are on my SD card from showing up in my Samsung Photo Gallery?'],0.115,0.885,0.0,-0.115,Negative
715,['Samsung S9/S9+ users DO NOT install 8/8/2018 (G960USQU2ARF7) android firmware if you want 240fps slowmo to work properly! TLDR inside'],0.0,0.923,0.077,0.077,Positive
716,"['Samsung S9/S9+ users, DO NOT update to 7/8/2018 (G960USQU2ARF7) android firmware if you want 240fps slowmo camera mode to work properly! TLDR inside..']",0.0,0.933,0.067,0.067,Positive
717,"['Won a samsung MU6300 55"" do I keep or sell?']",0.0,1.0,0.0,0.0,Neutral
718,['Light bleed from Galaxy S9 corner']---,0.0,1.0,0.0,0.0,Neutral
719,['save (47%) Samsung Galaxy Gear S3 frontier 46mm Stainless Steel Case Black Sport Band for $209.99'],0.0,1.0,0.0,0.0,Neutral
720,['Save (47%) Samsung Galaxy Gear S3 frontier 46mm Stainless Steel Case Black Sport Band for $209.99'],0.0,1.0,0.0,0.0,Neutral
721,['Best way to transfer data between 2 samsung phones?'],0.0,1.0,0.0,0.0,Neutral
722,['Unpacked: Watch the Samsung Galaxy Note9 launch live stream here!'],0.0,1.0,0.0,0.0,Neutral
723,['Samsung GALAXY Note 9 - Samsung va face EFORTURI MARI pentru a Creste Vanzarile'],0.0,1.0,0.0,0.0,Neutral
724,['Fortnite Mobile on Android gameplay before the Samsung Galaxy Note 9 launch'],0.0,1.0,0.0,0.0,Neutral
725,['First glimpse of Samsung Galaxy watch in black!'],0.0,1.0,0.0,0.0,Neutral
726,['First glimpse of Samsung Galaxy watch in black!'],0.0,1.0,0.0,0.0,Neutral
727,['Samsung GALAXY NOTE 9 - LIVE VIDEO cu Noutatile Anuntate la Lansarea din New York'],0.0,1.0,0.0,0.0,Neutral
728,"[""While we wait for Galaxy Unpacked, I thought I'd revisit my favorite Samsung (Swarovski for Note 4) ad. I'm ready to let my Note 4 go after four years!""]",0.0,0.812,0.188,0.188,Positive
729,['S4 tab vs ipad pro for handwriting']--,0.0,1.0,0.0,0.0,Neutral
730,"['SAMSUNG GALAXY NOTE 9: PRET, LANSARE SI SPECIFICATII | iDevice.ro']",0.0,1.0,0.0,0.0,Neutral
731,['Samsung Galaxy Note 9 launches']------,0.0,1.0,0.0,0.0,Neutral
732,['Fortnite for android ( Samsung galaxy apps)'],0.0,1.0,0.0,0.0,Neutral
733,['Fortnite for Android is launching today exclusively on recent Samsung Galaxy devices'],0.0,1.0,0.0,0.0,Neutral
734,['Samsung Galaxy Note 9 Live Launched event'],0.0,0.769,0.231,0.231,Positive
735,['Samsung Tab 4 vs Samsung S4 Tab']-----,0.0,1.0,0.0,0.0,Neutral
736,['Samsung is partnering with Spotify across its devices'],0.0,1.0,0.0,0.0,Neutral
737,['SAMSUNG GALAXY S9 ARE VANZARI INCREDIBIL DE MICI | iDevice.ro'],0.0,1.0,0.0,0.0,Neutral
738,['Samsung GALAXY Note 9 - PRETUL OFICIAL a fost Anuntat si pentru Romania'],0.0,1.0,0.0,0.0,Neutral
739,['How To Root Samsung Galaxy Ace GT-S5830 Free Download'],0.0,0.708,0.292,0.292,Positive
740,['UrAvgConsumer-- Samsung Galaxy Note 9 - The Power is Back!'],0.0,1.0,0.0,0.0,Neutral
741,"[""The Samsung Galaxy Note 9 is a bargain at $1250. Here's why.""]",0.0,0.833,0.167,0.167,Positive
742,['SAMSUNG GALAXY NOTE 9: PRIMELE HANDS-ON VIDEO | iDevice.ro'],0.0,1.0,0.0,0.0,Neutral
743,['Samsung Galaxy Note 9 official trailer'],0.0,1.0,0.0,0.0,Neutral
744,"[""I can't wait for the new Samsung Home speaker :D""]",0.0,1.0,0.0,0.0,Neutral
745,['Samsung launches new Apple Watch rivals with the sleek Galaxy Watch (15 sources)'],0.0,1.0,0.0,0.0,Neutral
746,['Samsung launches new Apple Watch rivals with the sleek Galaxy Watch (15 sources)'],0.0,1.0,0.0,0.0,Neutral
747,['Galaxy S9+ crashes car radio']--------,0.0,1.0,0.0,0.0,Neutral
748,['Samsung unpacked cheesy music']-------,0.0,1.0,0.0,0.0,Neutral
749,['Samsung Gear app for Android']--------,0.0,1.0,0.0,0.0,Neutral
750,['Front Facing Camera?']----------------,0.0,1.0,0.0,0.0,Neutral
751,['Anyone done Samsung upgrade before? How was your experience?'],0.0,1.0,0.0,0.0,Neutral
752,['Do not buy through Samsung Direct']---,0.0,1.0,0.0,0.0,Neutral
753,['Unidays']-----------------------------,0.0,1.0,0.0,0.0,Neutral
754,['Note 9 pre order']--------------------,0.0,1.0,0.0,0.0,Neutral
755,['Received the Pre Order Email from Samsung'],0.0,1.0,0.0,0.0,Neutral
756,['Samsung Duo Wireless charger!']-------,0.0,1.0,0.0,0.0,Neutral
757,"['Gear Fit S3 correctly shows auto-detected bicycle ride time of 45 minutes, then updates it to 10 minutes after the ride']",0.0,0.889,0.111,0.111,Positive
758,['Want an S9+ but its hard to get rid of this pixel'],0.127,0.873,0.0,-0.127,Negative
759,['Buying a used samsung gear s3']-------,0.0,1.0,0.0,0.0,Neutral
760,"[""So, my Samsung J7 Prime's unlock button works to unlock the phone once and then to lock it, but doesn't unlock after! WHATS WRONG""]",0.0,1.0,0.0,0.0,Neutral
761,['Updated my Pixel2 to Pie. Now my Gear S3 uninstalled Samsung Pay. Did anyone faces the same issue?'],0.076,0.924,0.0,-0.076,Negative
762,['Canadian Samsung Galaxy Watch LTE Version'],0.0,1.0,0.0,0.0,Neutral
763,['How to get the samsung fornite skin?'],0.0,1.0,0.0,0.0,Neutral
764,['Next Samsung Galaxy premium mini tablet'],0.0,1.0,0.0,0.0,Neutral
765,"['Samsung offering $300 trade in for an LG G6, and only $200 for a V30. Also $200 for a G5. Does this make sense to anyone?']",0.0,1.0,0.0,0.0,Neutral
766,['[Discussion] Passive Shazam']---------,0.0,0.526,0.474,0.474,Positive
767,['How to send images in a text message without shrinking the file size?'],0.0,1.0,0.0,0.0,Neutral
768,"['""android optimizing app 1 of 1""']-----",0.0,0.571,0.429,0.429,Positive
769,['Samsung gear watch']------------------,0.0,1.0,0.0,0.0,Neutral
770,"['Samsung Galaxy Note 9 Launched | Full Specifications, Price and Everything you need to know']",0.0,0.889,0.111,0.111,Positive
771,['ƒê√°nh gi√° Samsung Galaxy J7 Prime: Thi·∫øt k·∫ø ƒë·∫πp v√† hi·ªáu nƒÉng t·ªët'],0.0,1.0,0.0,0.0,Neutral
772,['I love Samsung']----------------------,0.0,0.323,0.677,0.677,Positive
773,['SAMSUNG GALAXY NOTE 9 E INTRECUT DE IPHONE X IN PERFORMANTE | iDevice.ro'],0.0,1.0,0.0,0.0,Neutral
774,['Samsung Galaxy Note 9: Fortnite fans are obsessed with pricey new phone'],0.134,0.866,0.0,-0.134,Negative
775,"['Samsung GALAXY Home - Boxa Inteligenta, dar URATA a fost Prezentata (VIDEO)']",0.0,1.0,0.0,0.0,Neutral
776,['Listen To Your Customers. They Will Tell You All About samsung note 9'],0.0,1.0,0.0,0.0,Neutral
777,['Galaxy Note 9 Review : Samsung Galaxy Note 9 Full Quick Review'],0.0,1.0,0.0,0.0,Neutral
778,['Samsung Galaxy Note9 Pre-Orders are Live in USA With Bundle Offer'],0.0,1.0,0.0,0.0,Neutral
779,['Samsung GALAXY X are Lansarea GRABITA de Samsung din cauza Companiei Huawei'],0.0,1.0,0.0,0.0,Neutral
780,['Samsung fortnite!']-------------------,0.0,1.0,0.0,0.0,Neutral
781,['What happened to my note 4?']---------,0.0,1.0,0.0,0.0,Neutral
782,['best samsung smart tv 32 inch T32E390SX 1080p HD LED LCD'],0.0,0.787,0.213,0.213,Positive
783,['Samsung Galaxy J3 mic not working']---,0.0,1.0,0.0,0.0,Neutral
784,['Samsung Upgrade Program Financing']---,0.0,1.0,0.0,0.0,Neutral
785,['Samsung GALAXY Note 9 - PRETUL ne Arata cat de LACOMA este Apple cu iPhone X'],0.0,1.0,0.0,0.0,Neutral
786,['Samsung and Spotify in a relationship'],0.0,1.0,0.0,0.0,Neutral
787,"[""Thinking of getting Samsung Galaxy S8, how's it?""]",0.0,1.0,0.0,0.0,Neutral
788,['19% off Samsung POWERbot Star Wars Limited Edition ‚Äì Darth Vader'],0.407,0.593,0.0,-0.407,Negative
789,['BestBuy Preorder Question']-----------,0.0,1.0,0.0,0.0,Neutral
790,['Samsung Finance Refund Note 9']-------,0.0,1.0,0.0,0.0,Neutral
791,['samsung galaxy note 9 unboxing Giveaway ‡§π‡§ø‡§Ç‡§¶‡•Ä üî•üî•üî•'],0.0,1.0,0.0,0.0,Neutral
792,['Everything that was announced in Samsung Unpacked'],0.0,1.0,0.0,0.0,Neutral
793,['How to Install Fortnite on Samsung Phones (S7 and newer)'],0.0,1.0,0.0,0.0,Neutral
794,"['Samsung GALAXY Note 9 vs Note 8 - Samsung iti Arata Diferentele, in caz ca nu le Gaseai']",0.0,1.0,0.0,0.0,Neutral
795,"['[QUESTION] Will Galaxy A,C Series support Fortnite in future ?']",0.0,0.769,0.231,0.231,Positive
796,"['Samsung Galaxy Note 9 India Price Revealed, Pre-Bookings Now Live']",0.0,1.0,0.0,0.0,Neutral
797,['Samsung Galaxy Core Duos I8262 Stock Rom Download'],0.0,1.0,0.0,0.0,Neutral
798,['Samsung Galaxy Core GT-I8260 Stock Rom Free Download'],0.0,0.68,0.32,0.32,Positive
799,['Samsung Galaxy Note 9 vs Apple iPhone X Day Light Camera Comparison'],0.0,1.0,0.0,0.0,Neutral
800,['Samsung premium care claim']----------,0.0,0.484,0.516,0.516,Positive
801,['Why aren‚Äôt a lack of updates a deal breaker for Samsung phone buyers?'],0.187,0.813,0.0,-0.187,Negative
802,['Samsung Unpacked 2018 in 12 Minutes']-,0.0,1.0,0.0,0.0,Neutral
803,"['I‚Äôve been looking at the Note 9 and have been intrigued, however I have some concerns']",0.0,1.0,0.0,0.0,Neutral
804,['Samsung going gard']------------------,0.0,1.0,0.0,0.0,Neutral
805,"['Samsung Galaxy Note 9 ‚Äì Heavier, New Colours and New Fingerprint Scanner Placement']",0.0,1.0,0.0,0.0,Neutral
806,['Since the website doesn‚Äôt tell me *exactly* what US service providers work on unlocked Samsung phones?'],0.0,1.0,0.0,0.0,Neutral
807,['Note 9 pre-order bonus']--------------,0.0,1.0,0.0,0.0,Neutral
808,['Is anyone having issues preordering the Note 9?'],0.0,1.0,0.0,0.0,Neutral
809,['Do You Want the Hottest New Samsung']-,0.0,0.822,0.178,0.178,Positive
810,['Samsung not holding back']------------,0.0,1.0,0.0,0.0,Neutral
811,"['just bought the s9, what tips do i need to know']",0.0,1.0,0.0,0.0,Neutral
812,['Samsung Galaxy Watch features with a non Samsung product'],0.0,1.0,0.0,0.0,Neutral
813,['Issues with Note 8 battery']----------,0.0,1.0,0.0,0.0,Neutral
814,['Samsung Galaxy Note 9 performance on Geekbench 4'],0.0,1.0,0.0,0.0,Neutral
815,['Note 9 pre order on Amazon and B&amp;H (free wireless duo charger + dex dock)'],0.0,0.876,0.124,0.124,Positive
816,['Samsung pay not working on gear s3']--,0.189,0.811,0.0,-0.189,Negative
817,['Cheapest Way to Buy a Samsung Galaxy Note 9 (Complete with Step by Step Instructions)'],0.0,1.0,0.0,0.0,Neutral
818,['Would anyone with the new Galaxy Note 9 or new S4 Tab be able to help me (a non samsung user)'],0.0,0.876,0.124,0.124,Positive
819,['Samsung Galaxy S6 battery issues - battery drains in 2-3 hours.'],0.0,1.0,0.0,0.0,Neutral
820,['Samsung Galaxy J8 battery draining.']-,0.0,1.0,0.0,0.0,Neutral
821,['The big Samsung galaxy S9 plus Review'],0.0,1.0,0.0,0.0,Neutral
822,['[PSA] For those who rely on KNOX secured applications be careful buying a used KNOX enabled device on the used market.'],0.0,0.807,0.193,0.193,Positive
823,['Samsung GALAXY Note 9 - iPhone X este IRONIZAT in mod STUPID de Samsung (VIDEO)'],0.273,0.727,0.0,-0.273,Negative
824,['Samsung Galaxy Note 9 vs Apple iPhone X Night Time Camera Comparison'],0.0,1.0,0.0,0.0,Neutral
825,['hi guys im new to the samsung ecosystem. Where do u guys normally download music safely for free?'],0.0,0.833,0.167,0.167,Positive
826,['Suspicious fault on two Galaxy Core Prime phones [Discussion]'],0.252,0.748,0.0,-0.252,Negative
827,['Everything you need to know about the Note 9 and Samsung Unpacked'],0.0,1.0,0.0,0.0,Neutral
828,['Need help']---------------------------,0.0,1.0,0.0,0.0,Neutral
829,['Very much annoyed concierge member unable to pre-order Note9'],0.245,0.755,0.0,-0.245,Negative
830,['OnePlus 6 or Samsung S9+']------------,0.0,1.0,0.0,0.0,Neutral
831,['A5 2k17 Bluetooth problems...']-------,0.0,1.0,0.0,0.0,Neutral
832,['Samsung Galaxy S9+ Recording problem'],0.0,1.0,0.0,0.0,Neutral
833,['Samsung galaxy a5 vibrates on silent when receiving texts'],0.0,1.0,0.0,0.0,Neutral
834,['Things you missed abou samsung galaxy note 9'],0.239,0.761,0.0,-0.239,Negative
835,['QuckCharge 2.0 Insufficient']---------,0.0,1.0,0.0,0.0,Neutral
836,['Samsung S9+Ads']----------------------,0.0,1.0,0.0,0.0,Neutral
837,['Samsung once again mocks Apple in new Ingenius ads with Note9 - GeeksDirt'],0.214,0.786,0.0,-0.214,Negative
838,['Samsung Job in Best Buy?']------------,0.0,0.488,0.512,0.512,Positive
839,"['""Samsung Galaxy Note 9 - What\'s Wrong With People?""']",0.341,0.659,0.0,-0.341,Negative
840,['Should I Switch to the S9+ or Note 9?'],0.0,1.0,0.0,0.0,Neutral
841,['How to stop ‚ÄúTV Plus‚Äù app from showing up in Samsung Smart TV dock?'],0.13,0.71,0.16,0.03,Positive
842,"[""Problem with Smart TV from Samsung. No external cracks, but seem like internal cracks. Could this be because I haven't connected the cable to the TV? Please help ASAP.""]",0.044,0.635,0.32,0.276,Positive
843,['Everything you need to know Note 9 and Samsung Unpacked'],0.0,1.0,0.0,0.0,Neutral
844,['How much does it cost to have a S9 sent back for repairs to Samsung'],0.0,1.0,0.0,0.0,Neutral
845,['Note 9 promotions']-------------------,0.0,1.0,0.0,0.0,Neutral
846,['My S6 edge isn‚Äôt working']------------,0.0,1.0,0.0,0.0,Neutral
847,['My S6 edge isn‚Äôt working']------------,0.0,1.0,0.0,0.0,Neutral
848,['When Even iPhone Accessories Work Better with Samsung'],0.0,0.707,0.293,0.293,Positive
849,['Want a wireless charger for both my S8+ and my Gear S2'],0.0,1.0,0.0,0.0,Neutral
850,"[""This is petty, but I'm skipping the Note 9 due to the colors.""]",0.113,0.887,0.0,-0.113,Negative
851,['(Help)Samsung Keyboard missing from my device.'],0.306,0.694,0.0,-0.306,Negative
852,['Galaxy Home not coming to the UK this year + more on Bixby UK English'],0.0,1.0,0.0,0.0,Neutral
853,['Took this with Samsung S9 + in a moving car! This camera is insane!'],0.0,1.0,0.0,0.0,Neutral
854,['On the left when you win a competition with samsung for the new products. On the right when realised you didnt win anything...'],0.0,0.725,0.275,0.275,Positive
855,['Samsung note 9 colors USA']-----------,0.0,1.0,0.0,0.0,Neutral
856,['questions for Samsung watch owners.']-,0.0,1.0,0.0,0.0,Neutral
857,['Note 9 Fortnite Skin']----------------,0.0,1.0,0.0,0.0,Neutral
858,"['Samsung Note 9 ""Competition Winner""']-",0.0,1.0,0.0,0.0,Neutral
859,['Are T-Mobile stores selling the Note 9 already?'],0.0,1.0,0.0,0.0,Neutral
860,['Samsung GALAXY S10 va fi LANSAT cu SURPRIZELE ce n-au mai Ajuns in GALAXY Note 9'],0.0,1.0,0.0,0.0,Neutral
861,"[""Is there any reason why Samsung Pass doesn't work for rooted users?""]",0.0,1.0,0.0,0.0,Neutral
862,['Help Needed for Galaxy S9 - 64GB or Unlocked 128/256GB?'],0.0,1.0,0.0,0.0,Neutral
863,['Pre ordered note9']-------------------,0.0,1.0,0.0,0.0,Neutral
864,['Are the Samsung apps on the Note 9 DPI aware?'],0.0,1.0,0.0,0.0,Neutral
865,"[""Why can't I buy samsung tab s4 in Serbia??""]",0.0,1.0,0.0,0.0,Neutral
866,['Question about Samsung Galaxy Watch / Fit App.'],0.0,0.706,0.294,0.294,Positive
867,['Samsung GALAXY Note 9 - Oferta in care Cumperi unul si Primesti unul GRATUIT'],0.0,0.775,0.225,0.225,Positive
868,['Can I upload multiple files at once? - New Samsung Tab S4 owner'],0.0,1.0,0.0,0.0,Neutral
869,['Upgrade Programme UK']----------------,0.0,1.0,0.0,0.0,Neutral
870,['Will the S10/S10+ have 2 versions with different CPUs?'],0.0,1.0,0.0,0.0,Neutral
871,['Samsung Galaxy Note9 India / Exynos Telegram Group'],0.0,1.0,0.0,0.0,Neutral
872,['Note 9 Fortnite exclusive is beyond retarded'],0.0,0.769,0.231,0.231,Positive
873,"['17% off Samsung Gear S3 Frontier Smartwatch (Bluetooth), SM-R760NDAAXAR ‚Äì US Version with Warranty']",0.0,1.0,0.0,0.0,Neutral
874,['Samsung s8 led case NFC functionality'],0.47,0.53,0.0,-0.47,Negative
875,['My Samsung galaxy j7 duo shows me this screen. What does it mean? Will it boot up? help me please.'],0.0,0.861,0.139,0.139,Positive
876,['Samsung tab s4']----------------------,0.0,1.0,0.0,0.0,Neutral
877,['Has anyone found a way to uninstall all the SAMSUNG apps on their phone or tablets?'],0.0,1.0,0.0,0.0,Neutral
878,['Samsung Wallet Case For Note9?']------,0.0,1.0,0.0,0.0,Neutral
879,['Reseting Knox status using flashfire or any other method ?'],0.0,1.0,0.0,0.0,Neutral
880,['Samsung Galaxy S7 Smartphones Vulnerable to Hacking: Researchers - OMG News Today'],0.16,0.84,0.0,-0.16,Negative
881,['Samsung Financing']-------------------,0.0,1.0,0.0,0.0,Neutral
882,['Samsung FInancing not showing in Payment option'],0.0,1.0,0.0,0.0,Neutral
883,['Best Preorder/Promotion for Note 9?']-,0.0,1.0,0.0,0.0,Neutral
884,"[""How do I make my pictures be transferred from oldest to newest, from my Samsung Galaxy S7's phone storage to my SD card?""]",0.0,1.0,0.0,0.0,Neutral
885,['Do you need the dex dock to enable the desktop experience? Can i just plug the phone in with a monitor to get that?'],0.0,1.0,0.0,0.0,Neutral
886,['Leaking Samsung Refrigerator']--------,0.0,1.0,0.0,0.0,Neutral
887,['Samsung Galaxy Watch.']---------------,0.0,1.0,0.0,0.0,Neutral
888,['Moving from Galaxy S5 ??']------------,0.0,1.0,0.0,0.0,Neutral
889,['Samsung Galaxy Watch Pre-Order']------,0.0,1.0,0.0,0.0,Neutral
890,['Samsung Pay with PayPal']-------------,0.318,0.682,0.0,-0.318,Negative
891,['Samsung Galaxy Watch Pre-Order']------,0.0,1.0,0.0,0.0,Neutral
892,['Note8 user disappointed on software updates'],0.383,0.617,0.0,-0.383,Negative
893,['J7 screen flikering']-----------------,0.0,1.0,0.0,0.0,Neutral
894,"[""Are there any American carriers that use Samsung's built in voicemail instead of their own voicemail app?""]",0.0,1.0,0.0,0.0,Neutral
895,['Galaxy Home: Samsung finally unveils its smart speaker - Video | ZDNet'],0.0,0.769,0.231,0.231,Positive
896,['Samsung Galaxy Note 9 First Impressions From an iPhone User'],0.0,0.808,0.192,0.192,Positive
897,"['Samsung internet VS Firefox, what do you prefer the most?']",0.0,1.0,0.0,0.0,Neutral
898,['What are your preferred adblocks for Samsung internet?'],0.0,1.0,0.0,0.0,Neutral
899,['Samsung J5 full of dead pixels overnight'],0.417,0.583,0.0,-0.417,Negative
900,['Samsung GALAXY S10 va fi Lansat FARA o Functie MAJORA Asteptata de MULTA Lume'],0.0,1.0,0.0,0.0,Neutral
901,"['Samsung Galaxy J8 2018 price, full specification']",0.0,1.0,0.0,0.0,Neutral
902,"['$200 off Samsung SM-N950UZKAXAA Galaxy Note8 (US Version) Factory Unlocked Phone - 6.3"" Screen - 64GB - Midnight Black (U.S. Warranty)']",0.0,1.0,0.0,0.0,Neutral
903,['Samsung vrea sa INCHIDA o Fabrica de Telefoane Mobile din cauza Vanzarilor Slabe'],0.0,1.0,0.0,0.0,Neutral
904,['Firmware upgrade encountered an issue??'],0.0,1.0,0.0,0.0,Neutral
905,['Samsung GALAXY S9 - CONTRADICTII la Samsung privind Vanzarile in Primele Luni'],0.0,1.0,0.0,0.0,Neutral
906,['Meet Samsung Galaxy Note 9 - This Phone Has Everything You Need'],0.0,1.0,0.0,0.0,Neutral
907,['Could you please sign this petition']-,0.0,0.685,0.315,0.315,Positive
908,['Meet Samsung Galaxy Note 9 - This Phone Has Everything You Need https://www.yourtechshow.com/2018/08/samsung-galaxy-note-9-all-you-need-to.html'],0.0,1.0,0.0,0.0,Neutral
909,['Meet Samsung Galaxy Note 9 - This Phone Has Everything You Need'],0.0,1.0,0.0,0.0,Neutral
910,['WhatApp Notifications']---------------,0.0,1.0,0.0,0.0,Neutral
911,['It is great they have a Note 9 and Galaxy watch coming but how about you guys fix the Gear S3 with Pie!'],0.0,0.876,0.124,0.124,Positive
912,"['Samsung GALAXY S10 - EXCLUSIV, Primele Detalii despre Noua Camera TRIPLA']",0.0,1.0,0.0,0.0,Neutral
913,['Everything you need to kmow about the note 9 and Samsung Unpacked'],0.0,1.0,0.0,0.0,Neutral
914,['Just got a Samsung Tab S3 and...']----,0.0,1.0,0.0,0.0,Neutral
915,"[""I locked myself out of my phone; here's how I fixed it""]",0.0,1.0,0.0,0.0,Neutral
916,['Samsung Flow is no longer compatible with my PC'],0.216,0.784,0.0,-0.216,Negative
917,['Are Samsung android updates late?']---,0.0,1.0,0.0,0.0,Neutral
918,['Tizen OS']----------------------------,0.0,1.0,0.0,0.0,Neutral
919,['Sim card message transfers']----------,0.0,1.0,0.0,0.0,Neutral
920,['Question about trade in program']-----,0.0,1.0,0.0,0.0,Neutral
921,['Samsung Gear IconX - current and future'],0.0,1.0,0.0,0.0,Neutral
922,['samsung s9 and samsung internet browser'],0.0,1.0,0.0,0.0,Neutral
923,['Should i buy the Note 9?']------------,0.0,1.0,0.0,0.0,Neutral
924,['Mother lost her password to her S2 tablet. Anyway to access media without factory reset?'],0.141,0.859,0.0,-0.141,Negative
925,['Samsung Galaxy S9 Plus c≈© gi·∫£m gi√° k·ªãch s√†n sau m√πa World Cup 2018'],0.0,1.0,0.0,0.0,Neutral
926,['Why is the samsung s8 only $450 with tmobile?'],0.0,1.0,0.0,0.0,Neutral
927,['Samsung GALAXY X - ANUNTUL foarte IMPORTANT facut de catre Compania Samsung'],0.0,0.78,0.22,0.22,Positive
928,['Fixed! Samsung Keyboard Has Stopped Issue'],0.305,0.695,0.0,-0.305,Negative
929,['Samsung Finance Question']------------,0.0,1.0,0.0,0.0,Neutral
930,"['Samsung GALAXY Note 9 - RECORD, are cel mai BUN Ecran pentru Smartphone']",0.0,1.0,0.0,0.0,Neutral
931,['Note 9 pre order gifts for Europe?']--,0.0,1.0,0.0,0.0,Neutral
932,['Why do samsung phones still have a bottom chin'],0.0,1.0,0.0,0.0,Neutral
933,"['What do you think about this review, is it fair or not?']",0.0,0.827,0.173,0.173,Positive
934,"['Samsung Eyes Young Buyers with Gaming, Music-Friendly Galaxy Note 9 - OMG News Today']",0.0,1.0,0.0,0.0,Neutral
935,['Samsung Galaxy Watch First Impressions vs Apple Watch'],0.0,0.787,0.213,0.213,Positive
936,"['New samsung gear update changes the app to ""Galaxy Wearable""']",0.0,1.0,0.0,0.0,Neutral
937,"[""Samsung dryer DV48J7770EW/A2 won't turn on""]",0.0,1.0,0.0,0.0,Neutral
938,['Samsung GALAXY Note 10 - Primele Informatii OFICIALE despre Noul Telefon'],0.0,1.0,0.0,0.0,Neutral
939,['Previously had a Note 4- hated it! Kept to the Apple ecosystem. I keep hearing things have changed with Samsung. Tell me why I should get a Note 9?'],0.158,0.842,0.0,-0.158,Negative
940,"['Thinking Of Getting My First Samsung Phone, Need Help Switching Over From Pixel 2 Xl And Project Fi']",0.0,0.856,0.144,0.144,Positive
941,['Samsung Galaxy A7 2016 bursts into flames beside the bed. (Taiwan)'],0.0,1.0,0.0,0.0,Neutral
942,['Level U Pro vs Level U Pro ANC']------,0.0,1.0,0.0,0.0,Neutral
943,['My Samsung Fast Charge Wireless Charger Convertible started to burn'],0.0,1.0,0.0,0.0,Neutral
944,['Samsung Iata ce PREMIERA MONDIALA a fost Anuntata de catre Compania Coreeana'],0.0,1.0,0.0,0.0,Neutral
945,['Level U Pro vs Level U Pro ANC']------,0.0,1.0,0.0,0.0,Neutral
946,['Rounded edges - why?']----------------,0.0,1.0,0.0,0.0,Neutral
947,['Not receiving any OTA updates']-------,0.0,1.0,0.0,0.0,Neutral
948,['Samsung galaxy note 9 unboxing first impressions and testimonials'],0.0,0.787,0.213,0.213,Positive
949,['Samsung 65MU8000 TV - one connect box not working'],0.0,1.0,0.0,0.0,Neutral
950,['Samsung stores lock carriers on phones?'],0.0,1.0,0.0,0.0,Neutral
951,['Can you get Samsung Premium Care for the Note 9 (and is it worth it?)'],0.0,0.702,0.298,0.298,Positive
952,['Memory Recovery?']--------------------,0.0,1.0,0.0,0.0,Neutral
953,['Best Wireless Chargers for Samsung Galaxy Note 9'],0.0,1.0,0.0,0.0,Neutral
954,['Everything you need to know about samsung note 9 and samsung unpacked'],0.0,1.0,0.0,0.0,Neutral
955,['Getting note 9 50% off through Samsung insight'],0.0,1.0,0.0,0.0,Neutral
956,['Need a Samsung tablet to mount in the wall for Action Tiles and Smartthings'],0.0,1.0,0.0,0.0,Neutral
957,['Samsung note 8 album art and playlists in Car'],0.0,1.0,0.0,0.0,Neutral
958,['How secure is secure folder?']--------,0.0,0.385,0.615,0.615,Positive
959,"['Samsung MUSIC app, counts in HEX!!']--",0.0,1.0,0.0,0.0,Neutral
960,['Package Disabler for Canada?']--------,0.0,1.0,0.0,0.0,Neutral
961,['Lost sensitivity in bottom of s6 screen please help'],0.0,0.777,0.223,0.223,Positive
962,['S8 charger cord that works--need recommendations'],0.0,1.0,0.0,0.0,Neutral
963,['How to force an update']--------------,0.0,1.0,0.0,0.0,Neutral
964,"['Shop Samsung ""Work Smarter, Play Harder"" offer not appearing in inbox']",0.0,0.625,0.375,0.375,Positive
965,"['I got this as a gift, is it a Samsung Tab 3? I‚Äôm guessing it is since I asked for it.']",0.0,0.854,0.146,0.146,Positive
966,['Samsung GALAXY X va fi LANSAT de catre Samsung Fara o Functie IMPORTANTA'],0.0,1.0,0.0,0.0,Neutral
967,['Does Samsung C8 support 5 GHz WiFi networks?'],0.0,0.69,0.31,0.31,Positive
968,['Anyone else having trouble preordering the Note 9 from the Samsung web page?'],0.197,0.803,0.0,-0.197,Negative
969,['5 Ways to Import Music to Samsung Galaxy Note 9'],0.0,1.0,0.0,0.0,Neutral
970,['3 Ways to Transfer Another Android Phone to Samsung Galaxy Note 9 - Syncios'],0.0,1.0,0.0,0.0,Neutral
971,['Save $100.98 (40%) on Samsung Gear S2 Smartwatch - Dark Gray (US Version)'],0.0,1.0,0.0,0.0,Neutral
972,['Slow s8']-----------------------------,0.0,1.0,0.0,0.0,Neutral
973,['I need some help...']-----------------,0.0,1.0,0.0,0.0,Neutral
974,['Help: GALAXY TAB A SM-T385 stock firmware aus'],0.0,1.0,0.0,0.0,Neutral
975,['S8 mobile data problem']--------------,0.0,1.0,0.0,0.0,Neutral
976,['Samsung Note 9 vs S9+ / iPhone X / OnePlus 6 Battery Life DRAIN TEST'],0.0,1.0,0.0,0.0,Neutral
977,['Question about the Samsung MU6100 smartv.'],0.0,1.0,0.0,0.0,Neutral
978,['So when will we get SE UI 9.5']-------,0.0,1.0,0.0,0.0,Neutral
979,['Note 9 and evernote']-----------------,0.0,1.0,0.0,0.0,Neutral
980,['Purchase Extended Warranty for Tab S4 After Purchase'],0.0,1.0,0.0,0.0,Neutral
981,['Samsung Gear Fit 2 Pro cracked']------,0.0,0.615,0.385,0.385,Positive
982,['Samsung taps Harman audio expertise for premium soundbar launch'],0.0,1.0,0.0,0.0,Neutral
983,['Samsung Screen Burn In']--------------,0.0,1.0,0.0,0.0,Neutral
984,['How do I trade in my iPhone for a Galaxy?'],0.0,1.0,0.0,0.0,Neutral
985,['Samsung Flow Not Working Solution [files Failed to send]'],0.429,0.571,0.0,-0.429,Negative
986,['videos and music keeps pausing']------,0.0,1.0,0.0,0.0,Neutral
987,['Samsung Keyboard needs a dark theme']-,0.0,1.0,0.0,0.0,Neutral
988,['Registered my email for the Note 9 release a few weeks ago and Samsung sent me 6.25k samsing pay reward points'],0.063,0.769,0.167,0.10400000000000001,Positive
989,"[""Can Anyone identify the Samsung on the far right of this picture? I can't seem to figure it out. Just here for the answer.""]",0.0,1.0,0.0,0.0,Neutral
990,['Is this email legit?']----------------,0.0,1.0,0.0,0.0,Neutral
991,"['If you pre-ordered the S9 or Tab S4, can you do a favor for me?']",0.0,0.828,0.172,0.172,Positive
992,['Note 9 promo deal not showing up']----,0.0,1.0,0.0,0.0,Neutral
993,['If I buy a Samsung S9+ in Canada would it work in the UK?'],0.0,1.0,0.0,0.0,Neutral
994,['Best Tempered Glass Screen Protector Samsung Note 9'],0.0,1.0,0.0,0.0,Neutral
995,['Note 9 v iPhone X (rly considering Note 9)'],0.0,1.0,0.0,0.0,Neutral
996,['Samsung Customer Service vs iPhone (had to vent)'],0.0,1.0,0.0,0.0,Neutral
997,['Samsung GALAXY Note 9 este UMILIT in Performante de catre iPhone X (VIDEO)'],0.0,1.0,0.0,0.0,Neutral
998,['Switched from Iphone x']--------------,0.0,1.0,0.0,0.0,Neutral
999,['Samsung Galaxy Note 9 Review: Lives up to the Hype'],0.0,1.0,0.0,0.0,Neutral
